month,revenue,orders,active_customers,avg_order_value
2009-12-01,677916.0699999968,1497,951,452.8497461589825
2010-01-01,533712.9799999978,959,701,556.5307403545337
2010-02-01,497937.5699999985,1093,771,455.569597438242
2010-03-01,665973.6699999975,1509,1051,441.33444002650594
2010-04-01,585127.4299999977,1315,939,444.9638250950553
2010-05-01,592734.1299999973,1365,965,434.2374578754559
2010-06-01,628809.3999999966,1479,1034,425.1584854631485
2010-07-01,581487.959999998,1362,924,426.9368281938311
2010-08-01,594561.1699999971,1276,910,465.95702978056204
2010-09-01,805544.8099999933,1659,1136,485.56046413501707
2010-10-01,1011556.7499999856,2108,1492,479.8656309297844
2010-11-01,1155978.3899999901,2570,1606,449.797038910502
2010-12-01,565199.559999998,1394,884,405.4516212338579
2011-01-01,562682.9099999988,983,739,572.4139471007109
2011-02-01,442293.5899999992,992,757,445.8604737903218
2011-03-01,583143.8499999976,1312,973,444.4693978658519
2011-04-01,454440.8799999999,1139,853,398.98233538191386
2011-05-01,659227.6399999992,1544,1054,426.96090673575077
2011-06-01,653264.9199999989,1390,990,469.97476258992725
2011-07-01,591603.7899999999,1321,946,447.84541256623766
2011-08-01,635514.3799999994,1267,933,501.58988161010217
2011-09-01,938752.6299999963,1739,1259,539.8232489936723
2011-10-01,1002326.5599999937,1903,1361,526.7086495007849
2011-11-01,1135996.9999999919,2642,1660,429.9761544284602
2011-12-01,512228.0800000005,776,614,660.0877319587635
