model,curve,x,y
Logistic Regression,roc,0.0,0.0
Logistic Regression,roc,0.002745995423340961,0.022201228153046763
Logistic Regression,roc,0.005034324942791762,0.03401039206424185
Logistic Regression,roc,0.007322654462242563,0.046291922531884744
Logistic Regression,roc,0.009610983981693364,0.06660368445914029
Logistic Regression,roc,0.012356979405034324,0.079357581483231
Logistic Regression,roc,0.014187643020594966,0.09116674539442607
Logistic Regression,roc,0.016018306636155607,0.09825224374114312
Logistic Regression,roc,0.018764302059496567,0.10250354274917337
Logistic Regression,roc,0.020594965675057208,0.11147850732168163
Logistic Regression,roc,0.02288329519450801,0.1204534718941899
Logistic Regression,roc,0.02562929061784897,0.12848370335380255
Logistic Regression,roc,0.027917620137299773,0.134624468587624
Logistic Regression,roc,0.031121281464530894,0.14643363249881908
Logistic Regression,roc,0.034324942791762014,0.15824279641001418
Logistic Regression,roc,0.037528604118993135,0.16296646197449222
Logistic Regression,roc,0.040274599542334096,0.17997165800661313
Logistic Regression,roc,0.043935926773455376,0.18516769012753898
Logistic Regression,roc,0.04622425629290618,0.19414265470004724
Logistic Regression,roc,0.04805491990846682,0.21114785073216816
Logistic Regression,roc,0.05034324942791762,0.21965044874822862
Logistic Regression,roc,0.05354691075514874,0.22484648086915446
Logistic Regression,roc,0.056292906178489706,0.2305148795465281
Logistic Regression,roc,0.058123569794050346,0.23901747756258857
Logistic Regression,roc,0.06132723112128147,0.242796410014171
Logistic Regression,roc,0.06315789473684211,0.24704770902220122
Logistic Regression,roc,0.06590389016018307,0.24988190836088806
Logistic Regression,roc,0.06910755148741418,0.2531884742560227
Logistic Regression,roc,0.07139588100686499,0.2612187057156353
Logistic Regression,roc,0.07322654462242563,0.2706660368445914
Logistic Regression,roc,0.07597254004576659,0.2810581010864431
Logistic Regression,roc,0.0782608695652174,0.2853094000944733
Logistic Regression,roc,0.08100686498855836,0.29286726499763815
Logistic Regression,roc,0.08466819221967964,0.298063297118564
Logistic Regression,roc,0.08695652173913043,0.30656589513462446
Logistic Regression,roc,0.08924485125858124,0.3141237600377893
Logistic Regression,roc,0.09153318077803203,0.31790269248937175
Logistic Regression,roc,0.09382151029748284,0.324515824279641
Logistic Regression,roc,0.09610983981693363,0.3297118564005668
Logistic Regression,roc,0.0988558352402746,0.33396315540859706
Logistic Regression,roc,0.10297482837528604,0.34341048653755313
Logistic Regression,roc,0.10480549199084668,0.3504959848842702
Logistic Regression,roc,0.1080091533180778,0.35994331601322627
Logistic Regression,roc,0.11121281464530892,0.3722248464808692
Logistic Regression,roc,0.11350114416475973,0.379782711384034
Logistic Regression,roc,0.11716247139588101,0.38450637694851203
Logistic Regression,roc,0.1194508009153318,0.3901747756258857
Logistic Regression,roc,0.12128146453089245,0.39867737364194616
Logistic Regression,roc,0.12402745995423341,0.4019839395370808
Logistic Regression,roc,0.12585812356979406,0.406235238545111
Logistic Regression,roc,0.1276887871853547,0.41190363722248463
Logistic Regression,roc,0.13135011441647598,0.4180444024563061
Logistic Regression,roc,0.13409610983981693,0.42371280113367976
Logistic Regression,roc,0.1391304347826087,0.4293811998110534
Logistic Regression,roc,0.14187643020594964,0.4359943316013226
Logistic Regression,roc,0.14416475972540047,0.44024563060935284
Logistic Regression,roc,0.1459954233409611,0.4449692961738309
Logistic Regression,roc,0.1496567505720824,0.45063769485120453
Logistic Regression,roc,0.15377574370709382,0.45630609352857815
Logistic Regression,roc,0.15697940503432495,0.46055739253660843
Logistic Regression,roc,0.16018306636155608,0.46386395843174305
Logistic Regression,roc,0.16292906178489702,0.4681152574397733
Logistic Regression,roc,0.1665903890160183,0.4752007557864903
Logistic Regression,roc,0.17025171624713958,0.47992442135096836
Logistic Regression,roc,0.17299771167048056,0.4884270193670288
Logistic Regression,roc,0.17528604118993135,0.4931506849315068
Logistic Regression,roc,0.17894736842105263,0.5059045819555975
Logistic Regression,roc,0.18123569794050343,0.50968351440718
Logistic Regression,roc,0.1853546910755149,0.5172413793103449
Logistic Regression,roc,0.18764302059496568,0.5210203117619272
Logistic Regression,roc,0.1908466819221968,0.5276334435521965
Logistic Regression,roc,0.19496567505720824,0.5351913084553613
Logistic Regression,roc,0.1977116704805492,0.540859707132735
Logistic Regression,roc,0.20274599542334096,0.545583372697213
Logistic Regression,roc,0.20503432494279175,0.547945205479452
Logistic Regression,roc,0.20869565217391303,0.5521965044874823
Logistic Regression,roc,0.2137299771167048,0.5550307038261691
Logistic Regression,roc,0.21647597254004577,0.5583372697213037
Logistic Regression,roc,0.21830663615560641,0.5616438356164384
Logistic Regression,roc,0.222883295194508,0.5658951346244686
Logistic Regression,roc,0.22517162471395882,0.5706188001889466
Logistic Regression,roc,0.22745995423340962,0.5758148323098725
Logistic Regression,roc,0.2320366132723112,0.5786490316485593
Logistic Regression,roc,0.23524027459954233,0.5829003306565895
Logistic Regression,roc,0.23707093821510297,0.5876239962210675
Logistic Regression,roc,0.24347826086956523,0.5918752952290978
Logistic Regression,roc,0.2471395881006865,0.5947094945677845
Logistic Regression,roc,0.24988558352402745,0.6003778932451582
Logistic Regression,roc,0.25217391304347825,0.6055739253660841
Logistic Regression,roc,0.2549199084668192,0.6084081247047709
Logistic Regression,roc,0.2581235697940503,0.6131317902692489
Logistic Regression,roc,0.26041189931350117,0.6188001889466226
Logistic Regression,roc,0.26361556064073227,0.624940954180444
Logistic Regression,roc,0.26590389016018307,0.6310817194142655
Logistic Regression,roc,0.26773455377574373,0.6343882853094001
Logistic Regression,roc,0.27093821510297483,0.6376948512045347
Logistic Regression,roc,0.2732265446224256,0.6433632498819084
Logistic Regression,roc,0.2764302059496567,0.649031648559282
Logistic Regression,roc,0.2814645308924485,0.6547000472366556
Logistic Regression,roc,0.28421052631578947,0.6584789796882381
Logistic Regression,roc,0.28649885583524026,0.6646197449220596
Logistic Regression,roc,0.29016018306636154,0.6702881435994331
Logistic Regression,roc,0.2929061784897025,0.67312234293812
Logistic Regression,roc,0.29473684210526313,0.6769012753897025
Logistic Regression,roc,0.2993135011441648,0.6806802078412848
Logistic Regression,roc,0.30205949656750575,0.6835144071799717
Logistic Regression,roc,0.30480549199084667,0.6868209730751063
Logistic Regression,roc,0.3080091533180778,0.6905999055266887
Logistic Regression,roc,0.3112128146453089,0.6957959376476146
Logistic Regression,roc,0.3157894736842105,0.6991025035427492
Logistic Regression,roc,0.32128146453089246,0.7042985356636751
Logistic Regression,roc,0.32356979405034325,0.7080774681152574
Logistic Regression,roc,0.32814645308924484,0.7165800661313179
Logistic Regression,roc,0.3331807780320366,0.7208313651393481
Logistic Regression,roc,0.3368421052631579,0.7231931979215872
Logistic Regression,roc,0.33958810068649886,0.7264997638167218
Logistic Regression,roc,0.34324942791762014,0.7302786962683042
Logistic Regression,roc,0.34508009153318076,0.733112895606991
Logistic Regression,roc,0.3482837528604119,0.7401983939537081
Logistic Regression,roc,0.3524027459954233,0.7430325932923949
Logistic Regression,roc,0.3551487414187643,0.7468115257439774
Logistic Regression,roc,0.3574370709382151,0.7515351913084554
Logistic Regression,roc,0.36247139588100685,0.7543693906471421
Logistic Regression,roc,0.36613272311212813,0.757203589985829
Logistic Regression,roc,0.3693363844393593,0.7614548889938593
Logistic Regression,roc,0.37299771167048057,0.7647614548889938
Logistic Regression,roc,0.377116704805492,0.7690127538970241
Logistic Regression,roc,0.38443935926773454,0.7727916863486065
Logistic Regression,roc,0.3881006864988558,0.7775153519130845
Logistic Regression,roc,0.39496567505720825,0.781294284364667
Logistic Regression,roc,0.40137299771167045,0.7869626830420406
Logistic Regression,roc,0.4073226544622426,0.7902692489371752
Logistic Regression,roc,0.411441647597254,0.7935758148323099
Logistic Regression,roc,0.41327231121281466,0.7978271138403401
Logistic Regression,roc,0.41556064073226545,0.8020784128483703
Logistic Regression,roc,0.4196796338672769,0.8039678790741616
Logistic Regression,roc,0.4242562929061785,0.807746811525744
Logistic Regression,roc,0.4283752860411899,0.812470477090222
Logistic Regression,roc,0.43752860411899314,0.8153046764289088
Logistic Regression,roc,0.4453089244851259,0.8181388757675957
Logistic Regression,roc,0.4480549199084668,0.8205007085498347
Logistic Regression,roc,0.45491990846681923,0.8242796410014172
Logistic Regression,roc,0.4585812356979405,0.8275862068965517
Logistic Regression,roc,0.4608695652173913,0.8308927727916864
Logistic Regression,roc,0.4654462242562929,0.8375059045819556
Logistic Regression,roc,0.46819221967963387,0.8408124704770902
Logistic Regression,roc,0.47368421052631576,0.8445914029286726
Logistic Regression,roc,0.4832951945080092,0.8474256022673595
Logistic Regression,roc,0.4897025171624714,0.8507321681624941
Logistic Regression,roc,0.49382151029748284,0.8545111006140765
Logistic Regression,roc,0.5006864988558353,0.8573452999527633
Logistic Regression,roc,0.5034324942791762,0.8611242324043458
Logistic Regression,roc,0.5066361556064073,0.8644307982994804
Logistic Regression,roc,0.5116704805491991,0.8663202645252717
Logistic Regression,roc,0.5139588100686499,0.8691544638639584
Logistic Regression,roc,0.5167048054919908,0.872461029759093
Logistic Regression,roc,0.5254004576659039,0.8762399622106755
Logistic Regression,roc,0.5281464530892449,0.8790741615493624
Logistic Regression,roc,0.5368421052631579,0.8828530940009447
Logistic Regression,roc,0.5414187643020595,0.8866320264525271
Logistic Regression,roc,0.5496567505720824,0.8908833254605574
Logistic Regression,roc,0.5560640732265446,0.89891355692017
Logistic Regression,roc,0.5652173913043478,0.9012753897024091
Logistic Regression,roc,0.5720823798627003,0.9036372224846481
Logistic Regression,roc,0.5798627002288329,0.9059990552668871
Logistic Regression,roc,0.585812356979405,0.9093056211620217
Logistic Regression,roc,0.5949656750572082,0.9121398205007085
Logistic Regression,roc,0.5986270022883295,0.9168634860651866
Logistic Regression,roc,0.6013729977116705,0.9192253188474256
Logistic Regression,roc,0.6096109839816933,0.9215871516296646
Logistic Regression,roc,0.6118993135011441,0.9239489844119037
Logistic Regression,roc,0.6183066361556064,0.9263108171941427
Logistic Regression,roc,0.6251716247139588,0.9286726499763817
Logistic Regression,roc,0.6274599542334096,0.9324515824279641
Logistic Regression,roc,0.631578947368421,0.9376476145488899
Logistic Regression,roc,0.6398169336384439,0.940009447331129
Logistic Regression,roc,0.6434782608695652,0.9437883797827114
Logistic Regression,roc,0.6558352402745995,0.9461502125649504
Logistic Regression,roc,0.6654462242562929,0.9485120453471895
Logistic Regression,roc,0.6727688787185355,0.951818611242324
Logistic Regression,roc,0.6800915331807781,0.9546528105810108
Logistic Regression,roc,0.6906178489702517,0.9570146433632499
Logistic Regression,roc,0.700228832951945,0.958904109589041
Logistic Regression,roc,0.7102974828375286,0.9617383089277279
Logistic Regression,roc,0.717162471395881,0.9641001417099669
Logistic Regression,roc,0.7295194508009153,0.9669343410486537
Logistic Regression,roc,0.7363844393592678,0.9697685403873406
Logistic Regression,roc,0.7473684210526316,0.973547472838923
Logistic Regression,roc,0.7629290617848971,0.9754369390647142
Logistic Regression,roc,0.7688787185354691,0.9777987718469532
Logistic Regression,roc,0.788558352402746,0.9796882380727444
Logistic Regression,roc,0.7954233409610983,0.9820500708549834
Logistic Regression,roc,0.8059496567505721,0.9853566367501181
Logistic Regression,roc,0.8146453089244852,0.9872461029759093
Logistic Regression,roc,0.8265446224256293,0.9891355692017005
Logistic Regression,roc,0.8315789473684211,0.9919697685403873
Logistic Regression,roc,0.851716247139588,0.9938592347661785
Logistic Regression,roc,0.8663615560640733,0.9957487009919698
Logistic Regression,roc,0.8997711670480549,0.9981105337742088
Logistic Regression,roc,1.0,1.0
Logistic Regression,pr,1.0,0.4920966992096699
Logistic Regression,pr,1.0,0.4945106283578603
Logistic Regression,pr,1.0,0.4970650387414886
Logistic Regression,pr,1.0,0.4995280792826805
Logistic Regression,pr,1.0,0.502134724857685
Logistic Regression,pr,1.0,0.5047687172150691
Logistic Regression,pr,1.0,0.5073088904864606
Logistic Regression,pr,0.9995276334435522,0.5097566851361118
Logistic Regression,pr,0.9990552668871044,0.5121065375302664
Logistic Regression,pr,0.9981105337742088,0.5143622200584226
Logistic Regression,pr,0.9981105337742088,0.517131669114048
Logistic Regression,pr,0.9971658006613132,0.5193111931119311
Logistic Regression,pr,0.9962210675484175,0.5216423447934702
Logistic Regression,pr,0.9962210675484175,0.5244963939318578
Logistic Regression,pr,0.9957487009919698,0.527
Logistic Regression,pr,0.995276334435522,0.5296631473102061
Logistic Regression,pr,0.9938592347661785,0.5317159464240586
Logistic Regression,pr,0.992914501653283,0.5341804320203304
Logistic Regression,pr,0.9910250354274918,0.5361615129056989
Logistic Regression,pr,0.9891355692017005,0.5380267214799589
Logistic Regression,pr,0.9872461029759093,0.5400516795865633
Logistic Regression,pr,0.9853566367501181,0.5419589503767213
Logistic Regression,pr,0.9829948039678791,0.5437679644630259
Logistic Regression,pr,0.9811053377420879,0.5458607095926412
Logistic Regression,pr,0.9792158715162966,0.5478329809725159
Logistic Regression,pr,0.9777987718469532,0.5502392344497608
Logistic Regression,pr,0.9763816721776098,0.5526737967914439
Logistic Regression,pr,0.9749645725082664,0.554987899973111
Logistic Regression,pr,0.9740198393953708,0.5577495266432242
Logistic Regression,pr,0.971185640056684,0.55930359085963
Logistic Regression,pr,0.9683514407179972,0.5610290093048714
Logistic Regression,pr,0.9664619744922059,0.5633259911894273
Logistic Regression,pr,0.9645725082664147,0.5654943229022431
Logistic Regression,pr,0.9617383089277279,0.567288938422959
Logistic Regression,pr,0.9598488427019367,0.5696663863190357
Logistic Regression,pr,0.9579593764761455,0.571912013536379
Logistic Regression,pr,0.9555975436939065,0.5740635641316686
Logistic Regression,pr,0.954180444024563,0.5766485869254925
Logistic Regression,pr,0.9508738781294285,0.5782821028440104
Logistic Regression,pr,0.9485120453471895,0.5805145995952588
Logistic Regression,pr,0.9466225791213982,0.5828970331588132
Logistic Regression,pr,0.944733112895607,0.585480093676815
Logistic Regression,pr,0.9409541804440246,0.5867452135493373
Logistic Regression,pr,0.9381199811053378,0.5887933590275719
Logistic Regression,pr,0.9338686820973076,0.5899731423455685
Logistic Regression,pr,0.9286726499763817,0.5903903903903904
Logistic Regression,pr,0.9253660840812471,0.5922007255139057
Logistic Regression,pr,0.9225318847425602,0.5943396226415094
Logistic Regression,pr,0.9196976854038734,0.5963246554364472
Logistic Regression,pr,0.9154463863958432,0.5975948196114709
Logistic Regression,pr,0.911195087387813,0.5986964618249534
Logistic Regression,pr,0.9083608880491261,0.6009375
Logistic Regression,pr,0.9050543221539915,0.6028949024543738
Logistic Regression,pr,0.9036372224846481,0.605955020589167
Logistic Regression,pr,0.9008030231459613,0.6082934609250399
Logistic Regression,pr,0.8970240906943788,0.6098265895953757
Logistic Regression,pr,0.8927727916863486,0.611254851228978
Logistic Regression,pr,0.8885214926783184,0.6127035830618892
Logistic Regression,pr,0.8837978271138404,0.6136438176451295
Logistic Regression,pr,0.8809636277751535,0.6161215725140403
Logistic Regression,pr,0.8771846953235711,0.6179700499168054
Logistic Regression,pr,0.8729333963155409,0.6193029490616622
Logistic Regression,pr,0.8691544638639584,0.6212018906144497
Logistic Regression,pr,0.8644307982994804,0.6222373342400545
Logistic Regression,pr,0.8601794992914502,0.6238437821171634
Logistic Regression,pr,0.8554558337269721,0.6251294442526751
Logistic Regression,pr,0.8521492678318375,0.627260083449235
Logistic Regression,pr,0.8483703353802551,0.629292221443588
Logistic Regression,pr,0.8450637694851204,0.6317090395480226
Logistic Regression,pr,0.8427019367028814,0.6346495908929207
Logistic Regression,pr,0.8375059045819556,0.6357117246324847
Logistic Regression,pr,0.8308927727916864,0.6354768786127167
Logistic Regression,pr,0.8261691072272083,0.6369264384559359
Logistic Regression,pr,0.8209730751062825,0.6380323054331865
Logistic Regression,pr,0.8176665092111478,0.6403995560488346
Logistic Regression,pr,0.8153046764289088,0.6437896307348004
Logistic Regression,pr,0.8134152102031176,0.6473684210526316
Logistic Regression,pr,0.807746811525744,0.6482183472327521
Logistic Regression,pr,0.8039678790741616,0.650611620795107
Logistic Regression,pr,0.7987718469532357,0.6516377649325626
Logistic Regression,pr,0.7916863486065187,0.651379712397979
Logistic Regression,pr,0.7874350495984884,0.653469227753822
Logistic Regression,pr,0.7846008502598016,0.6565217391304348
Logistic Regression,pr,0.7803495512517714,0.6586921850079744
Logistic Regression,pr,0.7760982522437412,0.6606353035786088
Logistic Regression,pr,0.7713745866792631,0.662474645030426
Logistic Regression,pr,0.7671232876712328,0.664756446991404
Logistic Regression,pr,0.761927255550307,0.6659785301403799
Logistic Regression,pr,0.7567312234293812,0.6675
Logistic Regression,pr,0.7520075578649031,0.6694701429772918
Logistic Regression,pr,0.7468115257439774,0.6707679253288078
Logistic Regression,pr,0.7411431270666037,0.6719486081370449
Logistic Regression,pr,0.7368918280585735,0.6741573033707865
Logistic Regression,pr,0.7293339631554085,0.6736474694589878
Logistic Regression,pr,0.7241379310344828,0.675330396475771
Logistic Regression,pr,0.7198866320264525,0.6776345042240997
Logistic Regression,pr,0.7156353330184223,0.6802873821284239
Logistic Regression,pr,0.7080774681152574,0.6795104261106074
Logistic Regression,pr,0.7009919697685404,0.6794871794871795
Logistic Regression,pr,0.6981577704298536,0.6836262719703978
Logistic Regression,pr,0.6920170051960322,0.6842596917328351
Logistic Regression,pr,0.6863486065186585,0.6857008022652195
Logistic Regression,pr,0.6811525743977327,0.6876490224129709
Logistic Regression,pr,0.6764289088332546,0.6897880539499036
Logistic Regression,pr,0.670760510155881,0.691333982473223
Logistic Regression,pr,0.6646197449220596,0.692080668962125
Logistic Regression,pr,0.6575342465753424,0.6921929388363998
Logistic Regression,pr,0.6523382144544166,0.6943187531422825
Logistic Regression,pr,0.6461974492205952,0.6951219512195121
Logistic Regression,pr,0.6391119508738782,0.6952723535457348
Logistic Regression,pr,0.6334435521965045,0.6966233766233766
Logistic Regression,pr,0.6258856872933396,0.6962690488702049
Logistic Regression,pr,0.6192725555030704,0.696969696969697
Logistic Regression,pr,0.6121870571563534,0.6967741935483871
Logistic Regression,pr,0.6069910250354275,0.6991294885745375
Logistic Regression,pr,0.5999055266887104,0.6993392070484582
Logistic Regression,pr,0.5942371280113368,0.7008356545961003
Logistic Regression,pr,0.5895134624468588,0.7038917089678511
Logistic Regression,pr,0.584317430325933,0.7060502283105022
Logistic Regression,pr,0.5786490316485593,0.708092485549133
Logistic Regression,pr,0.5729806329711856,0.7101873536299765
Logistic Regression,pr,0.5668398677373642,0.7113218731475993
Logistic Regression,pr,0.5611714690599906,0.7135135135135136
Logistic Regression,pr,0.5555030703826169,0.7157638466220329
Logistic Regression,pr,0.5512517713745867,0.7194821208384711
Logistic Regression,pr,0.5460557392536608,0.7225
Logistic Regression,pr,0.540859707132735,0.7251424952501583
Logistic Regression,pr,0.5342465753424658,0.7263969171483622
Logistic Regression,pr,0.5281058101086443,0.7283387622149837
Logistic Regression,pr,0.5210203117619272,0.7285336856010568
Logistic Regression,pr,0.5153519130845536,0.7312332439678284
Logistic Regression,pr,0.5087387812942844,0.7321549966009517
Logistic Regression,pr,0.500236183278224,0.7308488612836439
Logistic Regression,pr,0.4931506849315068,0.731604765241766
Logistic Regression,pr,0.4865375531412376,0.732574679943101
Logistic Regression,pr,0.47803495512517713,0.7312138728323699
Logistic Regression,pr,0.4718941898913557,0.7334801762114538
Logistic Regression,pr,0.46669815777042983,0.7367636092468307
Logistic Regression,pr,0.46055739253660843,0.7391963608794542
Logistic Regression,pr,0.45488899385923476,0.7419106317411402
Logistic Regression,pr,0.4487482286254133,0.7445141065830722
Logistic Regression,pr,0.44260746339159185,0.7472089314194578
Logistic Regression,pr,0.4359943316013226,0.748580697485807
Logistic Regression,pr,0.42890883325460555,0.749793559042114
Logistic Regression,pr,0.42371280113367976,0.7544154751892347
Logistic Regression,pr,0.4166273027869627,0.7551369863013698
Logistic Regression,pr,0.41048653755314124,0.7582897033158813
Logistic Regression,pr,0.4029286726499764,0.7582222222222222
Logistic Regression,pr,0.3958431743032593,0.7597461468721668
Logistic Regression,pr,0.38781294284364665,0.759481961147086
Logistic Regression,pr,0.3826169107227208,0.7641509433962265
Logistic Regression,pr,0.37505904581955596,0.7649325626204239
Logistic Regression,pr,0.3684459140292867,0.7669616519174042
Logistic Regression,pr,0.35947094945677843,0.7648241206030151
Logistic Regression,pr,0.350968351440718,0.763617677286742
Logistic Regression,pr,0.34341048653755313,0.7636554621848739
Logistic Regression,pr,0.3363249881908361,0.7655913978494624
Logistic Regression,pr,0.3297118564005668,0.7687224669603524
Logistic Regression,pr,0.32262635805384976,0.770011273957159
Logistic Regression,pr,0.31554085970713275,0.7722543352601156
Logistic Regression,pr,0.3084553613604157,0.773696682464455
Logistic Regression,pr,0.300425129900803,0.7737226277372263
Logistic Regression,pr,0.293339631554086,0.77625
Logistic Regression,pr,0.2867264997638167,0.7792041078305519
Logistic Regression,pr,0.2796410014170997,0.7820343461030383
Logistic Regression,pr,0.271610769957487,0.78125
Logistic Regression,pr,0.26310817194142655,0.7801120448179272
Logistic Regression,pr,0.2555503070382617,0.7817919075144508
Logistic Regression,pr,0.24940954180444025,0.7868852459016393
Logistic Regression,pr,0.2432687765706188,0.7935285053929122
Logistic Regression,pr,0.23665564478034956,0.7990430622009569
Logistic Regression,pr,0.2290977798771847,0.8003300330033003
Logistic Regression,pr,0.22201228153046765,0.8047945205479452
Logistic Regression,pr,0.21492678318375058,0.8081705150976909
Logistic Regression,pr,0.20642418516769012,0.8077634011090573
Logistic Regression,pr,0.19744922059518186,0.8053949903660886
Logistic Regression,pr,0.1894189891355692,0.8052208835341366
Logistic Regression,pr,0.18091639111950875,0.8046218487394958
Logistic Regression,pr,0.17288615965989607,0.8061674008810573
Logistic Regression,pr,0.1643835616438356,0.8036951501154734
Logistic Regression,pr,0.158715162966462,0.8175182481751825
Logistic Regression,pr,0.1502125649504015,0.8153846153846154
Logistic Regression,pr,0.14265470004723665,0.8206521739130435
Logistic Regression,pr,0.134624468587624,0.8236994219653179
Logistic Regression,pr,0.12753897024090693,0.8307692307692308
Logistic Regression,pr,0.11998110533774209,0.8382838283828383
Logistic Regression,pr,0.11195087387812942,0.8404255319148937
Logistic Regression,pr,0.10344827586206896,0.8423076923076923
Logistic Regression,pr,0.0958904109589041,0.8529411764705882
Logistic Regression,pr,0.08880491261218705,0.8663594470046083
Logistic Regression,pr,0.079357581483231,0.8615384615384616
Logistic Regression,pr,0.06991025035427492,0.8554913294797688
Logistic Regression,pr,0.06282475200755787,0.875
Logistic Regression,pr,0.0533774208786018,0.8692307692307693
Logistic Regression,pr,0.04487482286254133,0.8715596330275229
Logistic Regression,pr,0.03589985829003307,0.8735632183908046
Logistic Regression,pr,0.0273972602739726,0.8923076923076924
Logistic Regression,pr,0.019367028814359942,0.9318181818181818
Logistic Regression,pr,0.00944733112895607,0.9090909090909091
Logistic Regression,pr,0.0,1.0
Random Forest,roc,0.0,0.0
Random Forest,roc,0.0013729977116704805,0.014643363249881908
Random Forest,roc,0.0036613272311212816,0.034482758620689655
Random Forest,roc,0.005491990846681922,0.04298535663675012
Random Forest,roc,0.007322654462242563,0.04865375531412376
Random Forest,roc,0.010526315789473684,0.052432687765706185
Random Forest,roc,0.013729977116704805,0.059990552668871044
Random Forest,roc,0.016018306636155607,0.06565895134624469
Random Forest,roc,0.017848970251716247,0.07179971658006613
Random Forest,roc,0.020594965675057208,0.07605101558809636
Random Forest,roc,0.02288329519450801,0.08691544638639584
Random Forest,roc,0.02517162471395881,0.09636277751535191
Random Forest,roc,0.029290617848970253,0.10533774208786018
Random Forest,roc,0.031578947368421054,0.11525743977326405
Random Forest,roc,0.033867276887871854,0.13556920170051961
Random Forest,roc,0.036155606407322655,0.14359943316013227
Random Forest,roc,0.038901601830663615,0.15304676428908834
Random Forest,roc,0.040732265446224256,0.15965989607935757
Random Forest,roc,0.043020594965675056,0.16957959376476145
Random Forest,roc,0.04759725400457666,0.17855455833726971
Random Forest,roc,0.0517162471395881,0.18469532357109117
Random Forest,roc,0.0540045766590389,0.19036372224846482
Random Forest,roc,0.057665903890160186,0.19697685403873405
Random Forest,roc,0.06086956521739131,0.21020311761927254
Random Forest,roc,0.06270022883295194,0.22059518186112423
Random Forest,roc,0.06498855835240275,0.2276806802078413
Random Forest,roc,0.07093821510297482,0.23240434577231933
Random Forest,roc,0.07276887871853546,0.23996221067548418
Random Forest,roc,0.07551487414187644,0.24988190836088806
Random Forest,roc,0.0782608695652174,0.2536608408124705
Random Forest,roc,0.08146453089244851,0.26263580538497877
Random Forest,roc,0.08421052631578947,0.269248937175248
Random Forest,roc,0.0874141876430206,0.2749173358526216
Random Forest,roc,0.09016018306636156,0.2810581010864431
Random Forest,roc,0.09336384439359267,0.2843646669815777
Random Forest,roc,0.09610983981693363,0.2947567312234294
Random Forest,roc,0.09794050343249427,0.29853566367501183
Random Forest,roc,0.10068649885583524,0.30184222957014645
Random Forest,roc,0.10297482837528604,0.30656589513462446
Random Forest,roc,0.10480549199084668,0.317430325932924
Random Forest,roc,0.10892448512585812,0.3297118564005668
Random Forest,roc,0.11075514874141876,0.33396315540859706
Random Forest,roc,0.11533180778032037,0.3386868209730751
Random Forest,roc,0.11762013729977117,0.3424657534246575
Random Forest,roc,0.12219679633867277,0.3471894189891356
Random Forest,roc,0.12540045766590388,0.3514407179971658
Random Forest,roc,0.1276887871853547,0.3552196504487482
Random Forest,roc,0.1299771167048055,0.36041568256967405
Random Forest,roc,0.1322654462242563,0.3637222484648087
Random Forest,roc,0.13501144164759726,0.36797354747283895
Random Forest,roc,0.1377574370709382,0.3783656117146906
Random Forest,roc,0.140045766590389,0.3859234766178555
Random Forest,roc,0.14187643020594964,0.3906471421823335
Random Forest,roc,0.14370709382151028,0.39914974019839394
Random Forest,roc,0.1469107551487414,0.4029286726499764
Random Forest,roc,0.1505720823798627,0.4057628719886632
Random Forest,roc,0.15331807780320367,0.41284837033538024
Random Forest,roc,0.15606407322654461,0.4170996693434105
Random Forest,roc,0.15835240274599544,0.4232404345772319
Random Forest,roc,0.16064073226544623,0.432687765706188
Random Forest,roc,0.16521739130434782,0.43693906471421823
Random Forest,roc,0.16979405034324943,0.44213509683514407
Random Forest,roc,0.17437070938215102,0.4449692961738309
Random Forest,roc,0.1780320366132723,0.4553613604156826
Random Forest,roc,0.18169336384439358,0.4581955597543694
Random Forest,roc,0.18581235697940504,0.46480869154463866
Random Forest,roc,0.188558352402746,0.4681152574397733
Random Forest,roc,0.19267734553775745,0.4737836561171469
Random Forest,roc,0.19816933638443937,0.4794520547945205
Random Forest,roc,0.2,0.4851204534718942
Random Forest,roc,0.2032036613272311,0.49220595181861126
Random Forest,roc,0.20594965675057209,0.49456778460085027
Random Forest,roc,0.20823798627002288,0.4988190836088805
Random Forest,roc,0.21098398169336385,0.5068493150684932
Random Forest,roc,0.2128146453089245,0.5115729806329712
Random Forest,roc,0.21556064073226544,0.5186584789796882
Random Forest,roc,0.21922196796338672,0.5229097779877184
Random Forest,roc,0.22242562929061785,0.5318847425602268
Random Forest,roc,0.22562929061784898,0.5342465753424658
Random Forest,roc,0.22837528604118992,0.540859707132735
Random Forest,roc,0.2311212814645309,0.5507794048181389
Random Forest,roc,0.23661327231121282,0.5597543693906472
Random Forest,roc,0.2402745995423341,0.5677846008502598
Random Forest,roc,0.24210526315789474,0.5743977326405291
Random Forest,roc,0.24439359267734553,0.5791213982050071
Random Forest,roc,0.24805491990846681,0.5847897968823808
Random Forest,roc,0.25034324942791764,0.5871516296646198
Random Forest,roc,0.25354691075514874,0.5909305621162022
Random Forest,roc,0.2576659038901602,0.596126594237128
Random Forest,roc,0.26270022883295197,0.6022673594709494
Random Forest,roc,0.26498855835240276,0.6060462919225319
Random Forest,roc,0.26819221967963386,0.6098252243741143
Random Forest,roc,0.27185354691075514,0.6117146905999056
Random Forest,roc,0.2736842105263158,0.6183278223901748
Random Forest,roc,0.2755148741418764,0.6258856872933396
Random Forest,roc,0.2778032036613272,0.6301369863013698
Random Forest,roc,0.28421052631578947,0.637222484648087
Random Forest,roc,0.28649885583524026,0.6433632498819084
Random Forest,roc,0.28878718535469106,0.6457250826641474
Random Forest,roc,0.29153318077803203,0.6499763816721776
Random Forest,roc,0.2933638443935927,0.6532829475673122
Random Forest,roc,0.29839816933638447,0.6575342465753424
Random Forest,roc,0.3002288329519451,0.6617855455833727
Random Forest,roc,0.30526315789473685,0.6674539442607463
Random Forest,roc,0.30755148741418764,0.6759565422768068
Random Forest,roc,0.3102974828375286,0.682569674067076
Random Forest,roc,0.3153318077803204,0.6882380727444497
Random Forest,roc,0.3185354691075515,0.6920170051960322
Random Forest,roc,0.32128146453089246,0.6995748700991969
Random Forest,roc,0.32723112128146453,0.7028814359943316
Random Forest,roc,0.3322654462242563,0.7066603684459141
Random Forest,roc,0.3368421052631579,0.7113840340103921
Random Forest,roc,0.3391304347826087,0.7146905999055266
Random Forest,roc,0.34324942791762014,0.7175247992442135
Random Forest,roc,0.34553775743707094,0.7231931979215872
Random Forest,roc,0.3473684210526316,0.7288615965989608
Random Forest,roc,0.3505720823798627,0.7316957959376477
Random Forest,roc,0.3560640732265446,0.737836561171469
Random Forest,roc,0.35881006864988557,0.7430325932923949
Random Forest,roc,0.36384439359267734,0.7472838923004251
Random Forest,roc,0.3679633867276888,0.7501180916391119
Random Forest,roc,0.3711670480549199,0.7543693906471421
Random Forest,roc,0.37848970251716246,0.7586206896551724
Random Forest,roc,0.3839816933638444,0.7605101558809636
Random Forest,roc,0.388558352402746,0.7633443552196505
Random Forest,roc,0.391304347826087,0.7671232876712328
Random Forest,roc,0.39496567505720825,0.7704298535663675
Random Forest,roc,0.40183066361556063,0.7775153519130845
Random Forest,roc,0.4045766590389016,0.781294284364667
Random Forest,roc,0.4091533180778032,0.7855455833726972
Random Forest,roc,0.4183066361556064,0.7879074161549362
Random Forest,roc,0.42242562929061783,0.7921587151629664
Random Forest,roc,0.4251716247139588,0.7968823807274446
Random Forest,roc,0.4270022883295195,0.8058573452999528
Random Forest,roc,0.4311212814645309,0.8086915446386396
Random Forest,roc,0.4379862700228833,0.8138875767595655
Random Forest,roc,0.44073226544622424,0.8186112423240435
Random Forest,roc,0.44668192219679637,0.8209730751062825
Random Forest,roc,0.45034324942791765,0.8252243741143127
Random Forest,roc,0.45446224256292905,0.8308927727916864
Random Forest,roc,0.4576659038901602,0.834199338686821
Random Forest,roc,0.4622425629290618,0.838923004251299
Random Forest,roc,0.4654462242562929,0.8422295701464336
Random Forest,roc,0.4677345537757437,0.8455361360415683
Random Forest,roc,0.47185354691075515,0.8502598016060463
Random Forest,roc,0.47414187643020594,0.8535663675011809
Random Forest,roc,0.4768878718535469,0.8564005668398678
Random Forest,roc,0.4791762013729977,0.8592347661785545
Random Forest,roc,0.4851258581235698,0.863013698630137
Random Forest,roc,0.48832951945080094,0.8658478979688238
Random Forest,roc,0.49290617848970253,0.8686820973075107
Random Forest,roc,0.49702517162471394,0.8715162966461975
Random Forest,roc,0.5020594965675057,0.8752952290977799
Random Forest,roc,0.5061784897025171,0.8790741615493624
Random Forest,roc,0.5116704805491991,0.8828530940009447
Random Forest,roc,0.5180778032036614,0.8847425602267359
Random Forest,roc,0.5208237986270023,0.8871043930089749
Random Forest,roc,0.522654462242563,0.8894662257912139
Random Forest,roc,0.5263157894736842,0.8913556920170052
Random Forest,roc,0.5354691075514875,0.894189891355692
Random Forest,roc,0.5405034324942791,0.8979688238072745
Random Forest,roc,0.5496567505720824,0.9003306565895135
Random Forest,roc,0.554233409610984,0.9022201228153047
Random Forest,roc,0.560183066361556,0.906471421823335
Random Forest,roc,0.562929061784897,0.9093056211620217
Random Forest,roc,0.5720823798627003,0.9126121870571563
Random Forest,roc,0.577116704805492,0.9145016532829475
Random Forest,roc,0.5867276887871854,0.91828058573453
Random Forest,roc,0.5935926773455378,0.9201700519603212
Random Forest,roc,0.5995423340961098,0.923004251299008
Random Forest,roc,0.6022883295194508,0.9253660840812471
Random Forest,roc,0.6077803203661327,0.9300897496457251
Random Forest,roc,0.6187643020594966,0.9319792158715163
Random Forest,roc,0.6237986270022883,0.9338686820973076
Random Forest,roc,0.631578947368421,0.9367028814359943
Random Forest,roc,0.6434782608695652,0.9414265470004723
Random Forest,roc,0.6457665903890161,0.9437883797827114
Random Forest,roc,0.6503432494279177,0.9466225791213982
Random Forest,roc,0.6553775743707094,0.9485120453471895
Random Forest,roc,0.6640732265446224,0.9513462446858763
Random Forest,roc,0.6691075514874142,0.9546528105810108
Random Forest,roc,0.6778032036613272,0.956542276806802
Random Forest,roc,0.6883295194508009,0.9584317430325933
Random Forest,roc,0.7052631578947368,0.9612659423712802
Random Forest,roc,0.7089244851258582,0.9650448748228625
Random Forest,roc,0.7144164759725401,0.9674067076051016
Random Forest,roc,0.7221967963386727,0.9692961738308927
Random Forest,roc,0.7290617848970252,0.9721303731695796
Random Forest,roc,0.7363844393592678,0.9744922059518186
Random Forest,roc,0.7441647597254004,0.9777987718469532
Random Forest,roc,0.7560640732265447,0.9796882380727444
Random Forest,roc,0.7665903890160183,0.9825224374114313
Random Forest,roc,0.7807780320366132,0.9844119036372225
Random Forest,roc,0.7949656750572083,0.9863013698630136
Random Forest,roc,0.8059496567505721,0.9886632026452528
Random Forest,roc,0.8196796338672769,0.990552668871044
Random Forest,roc,0.8416475972540046,0.9933868682097308
Random Forest,roc,0.8718535469107551,0.995276334435522
Random Forest,roc,0.9029748283752861,0.997638167217761
Random Forest,roc,1.0,1.0
Random Forest,pr,1.0,0.4920966992096699
Random Forest,pr,1.0,0.4945106283578603
Random Forest,pr,1.0,0.4970650387414886
Random Forest,pr,1.0,0.4995280792826805
Random Forest,pr,0.9990552668871044,0.5016603415559773
Random Forest,pr,0.9990552668871044,0.5042918454935622
Random Forest,pr,0.9990552668871044,0.5068296189791517
Random Forest,pr,0.9990552668871044,0.5095157793302819
Random Forest,pr,0.9990552668871044,0.5121065375302664
Random Forest,pr,0.9990552668871044,0.5148490749756572
Random Forest,pr,0.997638167217761,0.5168869309838473
Random Forest,pr,0.9971658006613132,0.5193111931119311
Random Forest,pr,0.9966934341048653,0.5218896858768242
Random Forest,pr,0.9962210675484175,0.5244963939318578
Random Forest,pr,0.9948039678790742,0.5265
Random Forest,pr,0.9948039678790742,0.5294117647058824
Random Forest,pr,0.9943316013226263,0.5319686631286328
Random Forest,pr,0.992914501653283,0.5341804320203304
Random Forest,pr,0.9910250354274918,0.5361615129056989
Random Forest,pr,0.990552668871044,0.53879753340185
Random Forest,pr,0.9896079357581483,0.541343669250646
Random Forest,pr,0.9881908360888049,0.5435177968303455
Random Forest,pr,0.9867737364194615,0.545858374706036
Random Forest,pr,0.9853566367501181,0.5482260183968463
Random Forest,pr,0.9839395370807746,0.5504756871035941
Random Forest,pr,0.9825224374114313,0.5528973950026581
Random Forest,pr,0.9811053377420879,0.5553475935828877
Random Forest,pr,0.9796882380727444,0.5576767948373219
Random Forest,pr,0.9782711384034011,0.5601839329185826
Random Forest,pr,0.9759093056211621,0.5620239390642002
Random Forest,pr,0.9726027397260274,0.5634920634920635
Random Forest,pr,0.9697685403873406,0.5652533039647577
Random Forest,pr,0.9674067076051016,0.567155912489615
Random Forest,pr,0.9641001417099669,0.5686820841460016
Random Forest,pr,0.9607935758148323,0.5702270815811606
Random Forest,pr,0.9598488427019367,0.5730400451212634
Random Forest,pr,0.9579593764761455,0.5754824063564131
Random Forest,pr,0.9560699102503543,0.5777904653154439
Random Forest,pr,0.954180444024563,0.5802930192473427
Random Forest,pr,0.9508738781294285,0.5819601040763226
Random Forest,pr,0.9480396787907416,0.5837696335078534
Random Forest,pr,0.9452054794520548,0.5857728337236534
Random Forest,pr,0.940009447331129,0.5861561119293078
Random Forest,pr,0.9381199811053378,0.5887933590275719
Random Forest,pr,0.9357581483230987,0.591166815875858
Random Forest,pr,0.9329239489844119,0.5930930930930931
Random Forest,pr,0.9310344827586207,0.5958282950423216
Random Forest,pr,0.9272555503070382,0.5973828362751065
Random Forest,pr,0.9234766178554559,0.5987748851454824
Random Forest,pr,0.9201700519603212,0.6006783842121493
Random Forest,pr,0.9178082191780822,0.6030415890751086
Random Forest,pr,0.9154463863958432,0.605625
Random Forest,pr,0.9126121870571563,0.6079295154185022
Random Forest,pr,0.9097779877184695,0.610072853975293
Random Forest,pr,0.9045819555975437,0.6108452950558214
Random Forest,pr,0.9017477562588568,0.6130378933847141
Random Forest,pr,0.89891355692017,0.6154592496765847
Random Forest,pr,0.896551724137931,0.6182410423452769
Random Forest,pr,0.8932451582427964,0.6202033453591341
Random Forest,pr,0.8894662257912139,0.6220680541790552
Random Forest,pr,0.8847425602267359,0.6232945091514143
Random Forest,pr,0.8823807274444969,0.6260053619302949
Random Forest,pr,0.8776570618800189,0.6272788656313302
Random Forest,pr,0.8738781294284365,0.6290377422645359
Random Forest,pr,0.8691544638639584,0.6303528605686879
Random Forest,pr,0.8649031648559282,0.6320331377286849
Random Forest,pr,0.860651865847898,0.633518776077886
Random Forest,pr,0.85592820028342,0.6348983882270498
Random Forest,pr,0.8507321681624941,0.6359463276836158
Random Forest,pr,0.8450637694851204,0.6364283173247954
Random Forest,pr,0.8398677373641946,0.6375044818931517
Random Forest,pr,0.8346717052432687,0.6383670520231214
Random Forest,pr,0.8294756731223429,0.6394756008739986
Random Forest,pr,0.8242796410014172,0.6406020558002937
Random Forest,pr,0.8200283419933869,0.6422493525712172
Random Forest,pr,0.8138875767595655,0.6426706452816113
Random Forest,pr,0.8105810108644308,0.6451127819548872
Random Forest,pr,0.805384978743505,0.6463229719484458
Random Forest,pr,0.7968823807274446,0.6448776758409785
Random Forest,pr,0.7916863486065187,0.6458574181117533
Random Forest,pr,0.7864903164855929,0.6471045472211426
Random Forest,pr,0.7841284837033538,0.6507252058016464
Random Forest,pr,0.7794048181388757,0.6521739130434783
Random Forest,pr,0.7727916863486065,0.6523125996810207
Random Forest,pr,0.7690127538970241,0.6546039404905508
Random Forest,pr,0.7633443552196505,0.655578093306288
Random Forest,pr,0.7600377893245158,0.6586164551780598
Random Forest,pr,0.7562588568729334,0.6610239471511148
Random Forest,pr,0.7520075578649031,0.6633333333333333
Random Forest,pr,0.7472838923004251,0.6652649285113541
Random Forest,pr,0.7430325932923949,0.6673737802291048
Random Forest,pr,0.7368918280585735,0.6680942184154176
Random Forest,pr,0.7316957959376477,0.6694036300777874
Random Forest,pr,0.7250826641473783,0.6697207678883071
Random Forest,pr,0.7179971658006613,0.6696035242290749
Random Forest,pr,0.7132735002361833,0.6714095153401511
Random Forest,pr,0.7080774681152574,0.6731028289178267
Random Forest,pr,0.7033538025507794,0.6749773345421578
Random Forest,pr,0.6995748700991969,0.6781135531135531
Random Forest,pr,0.6924893717524799,0.6780758556891767
Random Forest,pr,0.6868209730751063,0.6791219056515647
Random Forest,pr,0.6806802078412848,0.6800377536573856
Random Forest,pr,0.6735947094945678,0.6800190748688603
Random Forest,pr,0.6669815777042986,0.6801541425818882
Random Forest,pr,0.6608408124704771,0.681110029211295
Random Forest,pr,0.6547000472366556,0.6817511067388097
Random Forest,pr,0.6495040151157299,0.6837394331178518
Random Forest,pr,0.6433632498819084,0.6847662141779789
Random Forest,pr,0.6367501180916391,0.6849593495934959
Random Forest,pr,0.6310817194142655,0.6865364850976362
Random Forest,pr,0.6254133207368918,0.6877922077922078
Random Forest,pr,0.6173830892772791,0.6868102995270625
Random Forest,pr,0.6102975909305621,0.6868686868686869
Random Forest,pr,0.6055739253660841,0.689247311827957
Random Forest,pr,0.598488427019367,0.6893362350380848
Random Forest,pr,0.593764761454889,0.6921806167400881
Random Forest,pr,0.589041095890411,0.6947075208913649
Random Forest,pr,0.5819555975436939,0.6948674562887761
Random Forest,pr,0.5767595654227681,0.696917808219178
Random Forest,pr,0.5692017005196032,0.6965317919075145
Random Forest,pr,0.5606991025035427,0.6949648711943794
Random Forest,pr,0.5545583372697213,0.6959098992294013
Random Forest,pr,0.5484175720358998,0.6972972972972973
Random Forest,pr,0.540859707132735,0.696895922093731
Random Forest,pr,0.533774208786018,0.6966707768187423
Random Forest,pr,0.5266887104393009,0.696875
Random Forest,pr,0.5224374114312706,0.7004433185560481
Random Forest,pr,0.5153519130845536,0.7007064868336544
Random Forest,pr,0.5068493150684932,0.6990228013029316
Random Forest,pr,0.4997638167217761,0.6988110964332893
Random Forest,pr,0.4931506849315068,0.6997319034852547
Random Forest,pr,0.4874822862541332,0.7015635622025833
Random Forest,pr,0.47992442135096836,0.7011732229123534
Random Forest,pr,0.47425602267359473,0.7035739313244569
Random Forest,pr,0.4681152574397733,0.7048364153627311
Random Forest,pr,0.4624468587623996,0.7073699421965318
Random Forest,pr,0.45725082664147376,0.71071953010279
Random Forest,pr,0.45111006140765236,0.7121551081282624
Random Forest,pr,0.4444969296173831,0.7134192570128886
Random Forest,pr,0.43977326405290507,0.7172573189522342
Random Forest,pr,0.435049598488427,0.7217868338557993
Random Forest,pr,0.4270193670288144,0.7208931419457735
Random Forest,pr,0.4204062352385451,0.721816707218167
Random Forest,pr,0.4133207368918281,0.7225433526011561
Random Forest,pr,0.406235238545111,0.7232968881412952
Random Forest,pr,0.4019839395370808,0.728595890410959
Random Forest,pr,0.3939537080774681,0.7277486910994765
Random Forest,pr,0.38639584317430326,0.7271111111111112
Random Forest,pr,0.3783656117146906,0.7262012692656392
Random Forest,pr,0.37033538025507795,0.7252543940795559
Random Forest,pr,0.3641946150212565,0.7273584905660377
Random Forest,pr,0.35758148323098726,0.7292870905587668
Random Forest,pr,0.350968351440718,0.7305801376597837
Random Forest,pr,0.34624468587623997,0.7366834170854272
Random Forest,pr,0.3391591875295229,0.7379239465570401
Random Forest,pr,0.33490788852149267,0.7447478991596639
Random Forest,pr,0.32829475673122344,0.7473118279569892
Random Forest,pr,0.31931979215871514,0.7444933920704846
Random Forest,pr,0.31223429381199813,0.7452085682074409
Random Forest,pr,0.30420406235238545,0.7445086705202312
Random Forest,pr,0.2975909305621162,0.7464454976303317
Random Forest,pr,0.29050543221539915,0.7481751824817519
Random Forest,pr,0.2838923004251299,0.75125
Random Forest,pr,0.27727916863486063,0.7535301668806161
Random Forest,pr,0.2706660368445914,0.7569352708058125
Random Forest,pr,0.26358053849787433,0.7581521739130435
Random Forest,pr,0.2546055739253661,0.7549019607843137
Random Forest,pr,0.24940954180444025,0.7630057803468208
Random Forest,pr,0.2413793103448276,0.7615499254843517
Random Forest,pr,0.23334907888521492,0.7611710323574731
Random Forest,pr,0.2276806802078413,0.7687400318979266
Random Forest,pr,0.22153991497401984,0.7739273927392739
Random Forest,pr,0.21256495040151158,0.7705479452054794
Random Forest,pr,0.20500708549834673,0.7708703374777975
Random Forest,pr,0.19603212092583844,0.767097966728281
Random Forest,pr,0.1894189891355692,0.7726396917148363
Random Forest,pr,0.18327822390174775,0.7791164658634538
Random Forest,pr,0.17666509211147852,0.7857142857142857
Random Forest,pr,0.16957959376476145,0.7907488986784141
Random Forest,pr,0.1620217288615966,0.792147806004619
Random Forest,pr,0.15399149740198395,0.7931873479318735
Random Forest,pr,0.14596126594237127,0.7923076923076923
Random Forest,pr,0.1374586679263108,0.7907608695652174
Random Forest,pr,0.12942843646669816,0.791907514450867
Random Forest,pr,0.11998110533774209,0.7815384615384615
Random Forest,pr,0.11195087387812942,0.7821782178217822
Random Forest,pr,0.10297590930562116,0.7730496453900709
Random Forest,pr,0.09636277751535191,0.7846153846153846
Random Forest,pr,0.08833254605573926,0.7857142857142857
Random Forest,pr,0.07982994803967879,0.7788018433179723
Random Forest,pr,0.07274444969296173,0.7897435897435897
Random Forest,pr,0.06518658478979689,0.7976878612716763
Random Forest,pr,0.05857345299952763,0.8157894736842105
Random Forest,pr,0.05148795465281058,0.8384615384615385
Random Forest,pr,0.04534718941898914,0.8807339449541285
Random Forest,pr,0.03684459140292867,0.896551724137931
Random Forest,pr,0.027869626830420408,0.9076923076923077
Random Forest,pr,0.01889466225791214,0.9090909090909091
Random Forest,pr,0.00944733112895607,0.9090909090909091
Random Forest,pr,0.0,1.0
XGBoost,roc,0.0,0.0
XGBoost,roc,0.002288329519450801,0.015115729806329713
XGBoost,roc,0.0036613272311212816,0.03164855928200284
XGBoost,roc,0.005949656750572082,0.044402456306093525
XGBoost,roc,0.008237986270022883,0.05290505432215399
XGBoost,roc,0.010983981693363844,0.05951818611242324
XGBoost,roc,0.014645308924485127,0.06896551724137931
XGBoost,roc,0.015560640732265447,0.07699574870099198
XGBoost,roc,0.016933638443935927,0.08455361360415682
XGBoost,roc,0.018764302059496567,0.09069437883797828
XGBoost,roc,0.021052631578947368,0.09683514407179972
XGBoost,roc,0.02334096109839817,0.10628247520075579
XGBoost,roc,0.02517162471395881,0.11431270666036844
XGBoost,roc,0.02654462242562929,0.12423240434577232
XGBoost,roc,0.027917620137299773,0.13556920170051961
XGBoost,roc,0.030205949656750573,0.14265470004723665
XGBoost,roc,0.033867276887871854,0.15399149740198395
XGBoost,roc,0.036613272311212815,0.158715162966462
XGBoost,roc,0.038901601830663615,0.1624940954180444
XGBoost,roc,0.041647597254004576,0.1648559282002834
XGBoost,roc,0.043478260869565216,0.16910722720831364
XGBoost,roc,0.04622425629290618,0.17335852621634387
XGBoost,roc,0.04897025171624714,0.18469532357109117
XGBoost,roc,0.05080091533180778,0.19225318847425601
XGBoost,roc,0.0540045766590389,0.19886632026452528
XGBoost,roc,0.059038901601830666,0.20878601794992915
XGBoost,roc,0.06132723112128147,0.2158715162966462
XGBoost,roc,0.06407322654462243,0.22437411431270665
XGBoost,roc,0.06636155606407322,0.23665564478034956
XGBoost,roc,0.06956521739130435,0.2432687765706188
XGBoost,roc,0.07276887871853546,0.24940954180444025
XGBoost,roc,0.07459954233409612,0.25743977326405293
XGBoost,roc,0.07780320366132723,0.26310817194142655
XGBoost,roc,0.08009153318077804,0.2701936702881436
XGBoost,roc,0.08329519450800915,0.27444496929617385
XGBoost,roc,0.08604118993135011,0.2796410014170997
XGBoost,roc,0.08787185354691075,0.2862541332073689
XGBoost,roc,0.08970251716247139,0.29381199811053377
XGBoost,roc,0.0919908466819222,0.29948039678790744
XGBoost,roc,0.094279176201373,0.30656589513462446
XGBoost,roc,0.09519450800915331,0.3160132262635805
XGBoost,roc,0.0965675057208238,0.3216816249409542
XGBoost,roc,0.09931350114416476,0.33207368918280583
XGBoost,roc,0.10160183066361556,0.33963155408597073
XGBoost,roc,0.10526315789473684,0.350968351440718
XGBoost,roc,0.10938215102974828,0.3585262163438829
XGBoost,roc,0.11167048054919909,0.3641946150212565
XGBoost,roc,0.1148741418764302,0.3689182805857345
XGBoost,roc,0.11670480549199085,0.37505904581955596
XGBoost,roc,0.11899313501144165,0.3783656117146906
XGBoost,roc,0.12540045766590388,0.40009447331128956
XGBoost,roc,0.1299771167048055,0.41190363722248463
XGBoost,roc,0.1322654462242563,0.4166273027869627
XGBoost,roc,0.13455377574370708,0.42276806802078415
XGBoost,roc,0.13821510297482836,0.4317430325932924
XGBoost,roc,0.14096109839816934,0.43788379782711384
XGBoost,roc,0.14416475972540047,0.4454416627302787
XGBoost,roc,0.14645308924485126,0.4487482286254133
XGBoost,roc,0.1496567505720824,0.454416627302787
XGBoost,roc,0.15240274599542333,0.45725082664147376
XGBoost,roc,0.15423340961098397,0.4624468587623996
XGBoost,roc,0.1565217391304348,0.4714218233349079
XGBoost,roc,0.16338672768878718,0.4752007557864903
XGBoost,roc,0.1679633867276888,0.47850732168162496
XGBoost,roc,0.17162471395881007,0.4851204534718942
XGBoost,roc,0.17620137299771166,0.49031648559282004
XGBoost,roc,0.18077803203661327,0.49504015115729805
XGBoost,roc,0.18306636155606407,0.4978743504959849
XGBoost,roc,0.1862700228832952,0.5044874822862542
XGBoost,roc,0.18993135011441648,0.50968351440718
XGBoost,roc,0.1931350114416476,0.5153519130845536
XGBoost,roc,0.19816933638443937,0.5205479452054794
XGBoost,roc,0.20183066361556065,0.5238545111006141
XGBoost,roc,0.20549199084668193,0.5299952763344355
XGBoost,roc,0.2091533180778032,0.5366084081247048
XGBoost,roc,0.21327231121281465,0.540859707132735
XGBoost,roc,0.21784897025171623,0.5493623051487955
XGBoost,roc,0.22242562929061785,0.5540859707132735
XGBoost,roc,0.22471395881006864,0.5592820028341994
XGBoost,roc,0.22654462242562928,0.567312234293812
XGBoost,roc,0.2288329519450801,0.5748700991969768
XGBoost,roc,0.23157894736842105,0.5800661313179027
XGBoost,roc,0.2334096109839817,0.5847897968823808
XGBoost,roc,0.23752860411899313,0.5885687293339632
XGBoost,roc,0.24073226544622425,0.5942371280113368
XGBoost,roc,0.24439359267734553,0.5989607935758149
XGBoost,roc,0.24759725400457666,0.6065186584789797
XGBoost,roc,0.25354691075514874,0.6126594237128011
XGBoost,roc,0.25720823798627,0.6178554558337269
XGBoost,roc,0.2594965675057208,0.6216343882853094
XGBoost,roc,0.26270022883295197,0.6287198866320265
XGBoost,roc,0.26636155606407325,0.6315540859707133
XGBoost,roc,0.2700228832951945,0.6381672177609825
XGBoost,roc,0.2723112128146453,0.644307982994804
XGBoost,roc,0.2778032036613272,0.6471421823334907
XGBoost,roc,0.28100686498855837,0.651393481341521
XGBoost,roc,0.28466819221967965,0.6556447803495512
XGBoost,roc,0.28832951945080093,0.6613131790269249
XGBoost,roc,0.2906178489702517,0.6698157770429853
XGBoost,roc,0.2933638443935927,0.6740670760510156
XGBoost,roc,0.2956521739130435,0.6787907416154936
XGBoost,roc,0.29839816933638447,0.6835144071799717
XGBoost,roc,0.30160183066361557,0.6891828058573453
XGBoost,roc,0.30434782608695654,0.6943788379782712
XGBoost,roc,0.30709382151029746,0.6981577704298536
XGBoost,roc,0.31212814645308923,0.7014643363249882
XGBoost,roc,0.3153318077803204,0.7057156353330184
XGBoost,roc,0.3176201372997712,0.7123287671232876
XGBoost,roc,0.32448512585812356,0.7161076995748701
XGBoost,roc,0.32677345537757435,0.7217760982522438
XGBoost,roc,0.3299771167048055,0.7279168634860652
XGBoost,roc,0.3340961098398169,0.7312234293811998
XGBoost,roc,0.33729977116704807,0.7368918280585735
XGBoost,roc,0.34187643020594966,0.7411431270666037
XGBoost,roc,0.34553775743707094,0.7449220595181861
XGBoost,roc,0.3505720823798627,0.7468115257439774
XGBoost,roc,0.3551487414187643,0.7524799244213509
XGBoost,roc,0.36018306636155606,0.7543693906471421
XGBoost,roc,0.3643020594965675,0.7567312234293812
XGBoost,roc,0.3684210526315789,0.7605101558809636
XGBoost,roc,0.3702517162471396,0.7675956542276807
XGBoost,roc,0.3748283752860412,0.7732640529050543
XGBoost,roc,0.37894736842105264,0.7760982522437412
XGBoost,roc,0.3853546910755149,0.7803495512517714
XGBoost,roc,0.391304347826087,0.7827113840340104
XGBoost,roc,0.3940503432494279,0.786017949929145
XGBoost,roc,0.39588100686498856,0.7912139820500709
XGBoost,roc,0.4036613272311213,0.7935758148323099
XGBoost,roc,0.4059496567505721,0.7968823807274446
XGBoost,roc,0.41189931350114417,0.8011336797354748
XGBoost,roc,0.41556064073226545,0.807746811525744
XGBoost,roc,0.4205949656750572,0.8105810108644308
XGBoost,roc,0.422883295194508,0.8143599433160132
XGBoost,roc,0.4260869565217391,0.8171941426547
XGBoost,roc,0.4279176201372998,0.821917808219178
XGBoost,roc,0.43249427917620137,0.8247520075578649
XGBoost,roc,0.43524027459954234,0.8275862068965517
XGBoost,roc,0.43935926773455375,0.8318375059045819
XGBoost,roc,0.44302059496567503,0.8360888049126122
XGBoost,roc,0.4475972540045767,0.8408124704770902
XGBoost,roc,0.45217391304347826,0.8441190363722249
XGBoost,roc,0.4576659038901602,0.8464808691544639
XGBoost,roc,0.4613272311212815,0.8502598016060463
XGBoost,roc,0.4645308924485126,0.8540387340576288
XGBoost,roc,0.47185354691075515,0.8568729333963155
XGBoost,roc,0.47505720823798625,0.8615965989607935
XGBoost,roc,0.4791762013729977,0.8634860651865848
XGBoost,roc,0.48878718535469107,0.865375531412376
XGBoost,roc,0.49290617848970253,0.8696268304204062
XGBoost,roc,0.4988558352402746,0.8738781294284365
XGBoost,roc,0.5011441647597255,0.8762399622106755
XGBoost,roc,0.508466819221968,0.8809636277751535
XGBoost,roc,0.5162471395881006,0.8833254605573926
XGBoost,roc,0.5231121281464531,0.8866320264525271
XGBoost,roc,0.5304347826086957,0.8889938592347661
XGBoost,roc,0.5368421052631579,0.8913556920170052
XGBoost,roc,0.5432494279176201,0.8960793575814833
XGBoost,roc,0.5459954233409611,0.8984411903637223
XGBoost,roc,0.5537757437070938,0.9003306565895135
XGBoost,roc,0.5574370709382152,0.9026924893717525
XGBoost,roc,0.5643020594965675,0.9041095890410958
XGBoost,roc,0.5693363844393593,0.9074161549362305
XGBoost,roc,0.5734553775743707,0.911195087387813
XGBoost,roc,0.5784897025171625,0.913556920170052
XGBoost,roc,0.5835240274599542,0.9168634860651866
XGBoost,roc,0.5867276887871854,0.9192253188474256
XGBoost,roc,0.5995423340961098,0.923004251299008
XGBoost,roc,0.6054919908466819,0.9253660840812471
XGBoost,roc,0.6118993135011441,0.9291450165328294
XGBoost,roc,0.6219679633867277,0.9319792158715163
XGBoost,roc,0.62837528604119,0.9367028814359943
XGBoost,roc,0.634324942791762,0.9390647142182333
XGBoost,roc,0.6443935926773455,0.9428436466698158
XGBoost,roc,0.6489702517162471,0.9461502125649504
XGBoost,roc,0.6553775743707094,0.949456778460085
XGBoost,roc,0.6613272311212814,0.9513462446858763
XGBoost,roc,0.6649885583524028,0.9551251771374587
XGBoost,roc,0.674141876430206,0.9570146433632499
XGBoost,roc,0.6855835240274599,0.958904109589041
XGBoost,roc,0.6956521739130435,0.9626830420406235
XGBoost,roc,0.7098398169336384,0.9664619744922059
XGBoost,roc,0.7194508009153318,0.9697685403873406
XGBoost,roc,0.7254004576659039,0.9721303731695796
XGBoost,roc,0.7331807780320366,0.9744922059518186
XGBoost,roc,0.7409610983981694,0.9777987718469532
XGBoost,roc,0.7496567505720824,0.9801606046291923
XGBoost,roc,0.7711670480549199,0.9820500708549834
XGBoost,roc,0.7803203661327232,0.9848842701936703
XGBoost,roc,0.8013729977116705,0.9867737364194615
XGBoost,roc,0.8324942791762013,0.9891355692017005
XGBoost,roc,0.8434782608695652,0.9914974019839395
XGBoost,roc,0.8521739130434782,0.9933868682097308
XGBoost,roc,0.8663615560640733,0.995276334435522
XGBoost,roc,0.8810068649885584,0.9981105337742088
XGBoost,roc,0.9203661327231121,0.9981105337742088
XGBoost,roc,0.931350114416476,0.9990552668871044
XGBoost,roc,0.951487414187643,0.9995276334435522
XGBoost,roc,0.9716247139588101,0.9995276334435522
XGBoost,roc,0.9881006864988559,1.0
XGBoost,roc,1.0,1.0
XGBoost,pr,1.0,0.4920966992096699
XGBoost,pr,1.0,0.4954364615024573
XGBoost,pr,0.9995276334435522,0.4983513895430994
XGBoost,pr,0.9995276334435522,0.5011842728564662
XGBoost,pr,0.9995276334435522,0.5036895977148298
XGBoost,pr,0.9995276334435522,0.5080432172869148
XGBoost,pr,0.9981105337742088,0.5111272375423319
XGBoost,pr,0.9981105337742088,0.5164996333414813
XGBoost,pr,0.9981105337742088,0.5190370916236797
XGBoost,pr,0.9981105337742088,0.5214708785784797
XGBoost,pr,0.997638167217761,0.5238095238095238
XGBoost,pr,0.9962210675484175,0.5258040388930442
XGBoost,pr,0.995276334435522,0.5279378601854172
XGBoost,pr,0.9943316013226263,0.5299597180261832
XGBoost,pr,0.992914501653283,0.5318825910931174
XGBoost,pr,0.9910250354274918,0.5334350368675311
XGBoost,pr,0.9891355692017005,0.5351392793253258
XGBoost,pr,0.9891355692017005,0.5377503852080123
XGBoost,pr,0.9881908360888049,0.5400103252452245
XGBoost,pr,0.9881908360888049,0.5426718547341115
XGBoost,pr,0.9867737364194615,0.5447196870925685
XGBoost,pr,0.9863013698630136,0.5471698113207547
XGBoost,pr,0.9848842701936703,0.5492623814541623
XGBoost,pr,0.9829948039678791,0.5509663754302356
XGBoost,pr,0.9820500708549834,0.5533670481767368
XGBoost,pr,0.9811053377420879,0.5556447298020332
XGBoost,pr,0.9806329711856401,0.558364712210866
XGBoost,pr,0.9787435049598489,0.5601513922681806
XGBoost,pr,0.9763816721776098,0.5618374558303887
XGBoost,pr,0.9740198393953708,0.5633879781420765
XGBoost,pr,0.9716580066131318,0.5651098901098901
XGBoost,pr,0.9692961738308927,0.5666942833471417
XGBoost,pr,0.9669343410486537,0.5684532074423772
XGBoost,pr,0.9636277751535192,0.5695142378559463
XGBoost,pr,0.9631554085970713,0.5724312184166199
XGBoost,pr,0.9603212092583845,0.5738075077617838
XGBoost,pr,0.958904109589041,0.5762134544422367
XGBoost,pr,0.9574870099196977,0.5784817351598174
XGBoost,pr,0.9555975436939065,0.580654420206659
XGBoost,pr,0.9527633443552197,0.5821067821067821
XGBoost,pr,0.9499291450165328,0.583744557329463
XGBoost,pr,0.9461502125649504,0.5846468184471687
XGBoost,pr,0.9437883797827114,0.5866118614210217
XGBoost,pr,0.9390647142182333,0.5869501033362858
XGBoost,pr,0.9381199811053378,0.5898425898425899
XGBoost,pr,0.9352857817666509,0.5913978494623656
XGBoost,pr,0.9310344827586207,0.5922475961538461
XGBoost,pr,0.9296173830892773,0.5947416137805984
XGBoost,pr,0.9253660840812471,0.595621769534813
XGBoost,pr,0.9239489844119037,0.5981651376146789
XGBoost,pr,0.9215871516296646,0.6003076923076923
XGBoost,pr,0.9192253188474256,0.6022903125967193
XGBoost,pr,0.9154463863958432,0.6035502958579881
XGBoost,pr,0.9126121870571563,0.6052631578947368
XGBoost,pr,0.9093056211620217,0.6068726355611601
XGBoost,pr,0.9059990552668871,0.6083095464636854
XGBoost,pr,0.9026924893717525,0.6101532567049809
XGBoost,pr,0.9003306565895135,0.6122711211050433
XGBoost,pr,0.8979688238072745,0.6146136437116069
XGBoost,pr,0.8932451582427964,0.6151594014313598
XGBoost,pr,0.8913556920170052,0.6178781925343811
XGBoost,pr,0.8880491261218706,0.6194398682042833
XGBoost,pr,0.8866320264525271,0.6225538971807628
XGBoost,pr,0.8833254605573926,0.6241655540720962
XGBoost,pr,0.8804912612187057,0.6265546218487394
XGBoost,pr,0.8786017949929145,0.6292286874154263
XGBoost,pr,0.8734057628719887,0.6297683923705722
XGBoost,pr,0.8691544638639584,0.6307850531367843
XGBoost,pr,0.8649031648559282,0.6320331377286849
XGBoost,pr,0.8634860651865848,0.6351633078526755
XGBoost,pr,0.8601794992914502,0.6371588523442967
XGBoost,pr,0.8554558337269721,0.6379006692497359
XGBoost,pr,0.8530940009447331,0.6406527137282725
XGBoost,pr,0.8474256022673595,0.6407142857142857
XGBoost,pr,0.8441190363722249,0.6430370636919756
XGBoost,pr,0.8412848370335381,0.6452898550724637
XGBoost,pr,0.8370335380255078,0.6467153284671533
XGBoost,pr,0.8318375059045819,0.6471885336273429
XGBoost,pr,0.8271138403401039,0.6482784154017031
XGBoost,pr,0.8228625413320737,0.649757553151809
XGBoost,pr,0.8171941426547,0.6501315295001879
XGBoost,pr,0.812470477090222,0.6510219530658592
XGBoost,pr,0.807746811525744,0.652422739412438
XGBoost,pr,0.8034955125177138,0.653727901614143
XGBoost,pr,0.7992442135096836,0.6555598605191786
XGBoost,pr,0.7935758148323099,0.6557377049180327
XGBoost,pr,0.7912139820500709,0.6589299763965382
XGBoost,pr,0.7855455833726972,0.6591359492667459
XGBoost,pr,0.7808219178082192,0.6604075109868158
XGBoost,pr,0.7779877184695324,0.6630434782608695
XGBoost,pr,0.7751535191308455,0.6659902597402597
XGBoost,pr,0.7690127538970241,0.6658486707566462
XGBoost,pr,0.764289088332546,0.6672164948453608
XGBoost,pr,0.7581483230987246,0.6676372712146422
XGBoost,pr,0.7543693906471421,0.6698825503355704
XGBoost,pr,0.7510628247520076,0.6723044397463002
XGBoost,pr,0.7463391591875296,0.673773987206823
XGBoost,pr,0.7439773264052905,0.677128116938951
XGBoost,pr,0.7373641946150212,0.6772234273318872
XGBoost,pr,0.733112895606991,0.678915135608049
XGBoost,pr,0.7293339631554085,0.6813768755516328
XGBoost,pr,0.7227208313651393,0.6809078771695594
XGBoost,pr,0.7165800661313179,0.6814914645103325
XGBoost,pr,0.7128011336797355,0.6837335749886724
XGBoost,pr,0.7061880018894662,0.6835848193872885
XGBoost,pr,0.701936702881436,0.6854243542435424
XGBoost,pr,0.6976854038734057,0.6876163873370578
XGBoost,pr,0.6924893717524799,0.688586190699859
XGBoost,pr,0.687293339631554,0.689900426742532
XGBoost,pr,0.6811525743977327,0.6899521531100479
XGBoost,pr,0.6745394426074633,0.6898550724637681
XGBoost,pr,0.6688710439300898,0.6907317073170731
XGBoost,pr,0.6613131790269249,0.6896551724137931
XGBoost,pr,0.6556447803495512,0.6902038786673297
XGBoost,pr,0.6504487482286254,0.6916122551481667
XGBoost,pr,0.646669815777043,0.6942190669371197
XGBoost,pr,0.6410014170996693,0.6955407483341876
XGBoost,pr,0.6362777515351913,0.6972049689440993
XGBoost,pr,0.6301369863013698,0.6980638409209837
XGBoost,pr,0.624940954180444,0.6992600422832981
XGBoost,pr,0.6183278223901748,0.6996258685195083
XGBoost,pr,0.6126594237128011,0.7003239740820735
XGBoost,pr,0.6084081247047709,0.7034407427635172
XGBoost,pr,0.6032120925838451,0.7047461368653422
XGBoost,pr,0.5970713273500237,0.7053571428571429
XGBoost,pr,0.5904581955597543,0.7058159232072275
XGBoost,pr,0.5857345299952763,0.7081667618503712
XGBoost,pr,0.5795937647614549,0.708838821490468
XGBoost,pr,0.5725082664147378,0.7083576855639977
XGBoost,pr,0.5658951346244686,0.7080378250591016
XGBoost,pr,0.5583372697213037,0.7073608617594255
XGBoost,pr,0.5526688710439301,0.7082324455205811
XGBoost,pr,0.5484175720358998,0.7113970588235294
XGBoost,pr,0.5418044402456306,0.7110973341599504
XGBoost,pr,0.5366084081247048,0.7131198995605775
XGBoost,pr,0.5309400094473311,0.7141041931385006
XGBoost,pr,0.5257439773264053,0.7162162162162162
XGBoost,pr,0.5205479452054794,0.717915309446254
XGBoost,pr,0.5153519130845536,0.7201320132013201
XGBoost,pr,0.5101558809636277,0.7219251336898396
XGBoost,pr,0.5044874822862542,0.7235772357723578
XGBoost,pr,0.49834671705243266,0.7240905971173645
XGBoost,pr,0.49362305148795466,0.7272094641614475
XGBoost,pr,0.4884270193670288,0.7291960507757405
XGBoost,pr,0.4841757203589986,0.7331902718168812
XGBoost,pr,0.47850732168162496,0.7351233671988389
XGBoost,pr,0.47425602267359473,0.7393225331369662
XGBoost,pr,0.47094945677846006,0.7445855115758029
XGBoost,pr,0.46291922531884744,0.7429871114480667
XGBoost,pr,0.45725082664147376,0.7446153846153846
XGBoost,pr,0.4520547945205479,0.74765625
XGBoost,pr,0.4459140292867265,0.7486122125297383
XGBoost,pr,0.43977326405290507,0.7508064516129033
XGBoost,pr,0.43316013226263583,0.7510237510237511
XGBoost,pr,0.42654700047236654,0.7518734388009992
XGBoost,pr,0.4199338686820973,0.7527519051651143
XGBoost,pr,0.4133207368918281,0.7549611734253667
XGBoost,pr,0.4057628719886632,0.7548330404217927
XGBoost,pr,0.39914974019839394,0.756490599820949
XGBoost,pr,0.3769485120453472,0.7556818181818182
XGBoost,pr,0.3698630136986301,0.7565217391304347
XGBoost,pr,0.3641946150212565,0.7588582677165354
XGBoost,pr,0.35710911667453943,0.7597989949748744
XGBoost,pr,0.3514407179971658,0.7622950819672131
XGBoost,pr,0.33963155408597073,0.7640807651434643
XGBoost,pr,0.33254605573925367,0.7643865363735071
XGBoost,pr,0.31931979215871514,0.7629796839729119
XGBoost,pr,0.3103448275862069,0.7604166666666666
XGBoost,pr,0.30184222957014645,0.7598097502972652
XGBoost,pr,0.2942843646669816,0.758830694275274
XGBoost,pr,0.2862541332073689,0.7593984962406015
XGBoost,pr,0.27633443552196507,0.7597402597402597
XGBoost,pr,0.2701936702881436,0.7657295850066934
XGBoost,pr,0.26358053849787433,0.7664835164835165
XGBoost,pr,0.25743977326405293,0.769774011299435
XGBoost,pr,0.25035427491733586,0.7692307692307693
XGBoost,pr,0.242796410014171,0.7717717717717718
XGBoost,pr,0.23618327822390175,0.7751937984496124
XGBoost,pr,0.2276806802078413,0.77491961414791
XGBoost,pr,0.22012281530467642,0.7740863787375415
XGBoost,pr,0.20878601794992915,0.7740805604203153
XGBoost,pr,0.19225318847425601,0.7842003853564548
XGBoost,pr,0.18469532357109117,0.7867203219315896
XGBoost,pr,0.17335852621634387,0.7841880341880342
XGBoost,pr,0.16580066131317903,0.7923250564334086
XGBoost,pr,0.15918752952290977,0.80622009569378
XGBoost,pr,0.1473783656117147,0.8210526315789474
XGBoost,pr,0.13887576759565423,0.8212290502793296
XGBoost,pr,0.12848370335380255,0.8217522658610272
XGBoost,pr,0.11950873878129428,0.8214285714285714
XGBoost,pr,0.10628247520075579,0.8093525179856115
XGBoost,pr,0.0958904109589041,0.8185483870967742
XGBoost,pr,0.08549834671705243,0.8264840182648402
XGBoost,pr,0.07699574870099198,0.8274111675126904
XGBoost,pr,0.06613131790269249,0.8284023668639053
XGBoost,pr,0.05810108644307983,0.8424657534246576
XGBoost,pr,0.048181388757675955,0.864406779661017
XGBoost,pr,0.0410958904109589,0.8787878787878788
XGBoost,pr,0.03164855928200284,0.881578947368421
XGBoost,pr,0.0,1.0
