feature,importance,std
n_active_months,0.13821554896866822,0.007974157117414688
frequency_90d,0.06637242940968836,0.007186786594124844
monetary_90d,0.021972915789355497,0.006373999079845498
tenure_days,0.01984504437594825,0.0032678612914222535
monetary_prev_90d,0.015679405819214863,0.0034610787997119493
spend_trend,0.010139774121631518,0.0039261603777396206
avg_items_per_order,0.0051035024845116125,0.0021399910746850766
avg_order_value,0.004231561495314151,0.0017035193664164598
return_rate,0.004091946987342809,0.0020683151384170645
n_purchase_days,0.0036536605744564078,0.0028264560819344026
frequency,0.0027623209337617194,0.0022680189283930266
n_return_invoices,0.0026241053039259277,0.0018873513662908176
recency_days,0.0019346456274233147,0.002115401514047578
avg_days_between_purchases,0.0014039456524610027,0.000872020988058242
monetary,0.0009322073856788294,0.001293917580335185
is_uk,0.00047544513625118466,0.0005796400766560931
is_one_time_buyer,0.00028268587784811003,0.0004596519141670332
n_products,-2.066224807274475e-05,2.7410012915904857e-05
