decile,customers,churners,avg_score,churn_rate,lift,cum_capture
1,431,346,0.8347266611897393,0.802784222737819,1.6313546179584777,0.16343882853094002
2,430,319,0.7844030647643971,0.7418604651162791,1.5075501752150366,0.3141237600377893
3,430,295,0.7264862506130612,0.686046511627907,1.3941294723775417,0.45347189418989137
4,430,261,0.6482443839227541,0.6069767441860465,1.2334501433577574,0.5767595654227681
5,430,250,0.5721479398982071,0.5813953488372093,1.1814656545572388,0.6948512045347189
6,431,211,0.49267195427545474,0.4895591647331787,0.9948434230902856,0.7945205479452054
7,430,179,0.39495432140874176,0.41627906976744183,0.8459294086629829,0.8790741615493624
8,430,143,0.27840318473111425,0.3325581395348837,0.6757983544067405,0.9466225791213982
9,430,87,0.15930364125971427,0.20232558139534884,0.41115004778591907,0.9877184695323571
10,430,26,0.04531674990180776,0.06046511627906977,0.12287242807395282,1.0
