decile,predicted_uplift,treated_rate,control_rate,n,actual_uplift,model
1,0.10702649,0.2608,0.14328358208955225,1920,0.11751641791044773,S-learner
2,0.08340646,0.2,0.1465648854961832,1920,0.0534351145038168,S-learner
3,0.075285286,0.18701700154559506,0.11022364217252396,1920,0.0767933593730711,S-learner
4,0.068041235,0.19325153374233128,0.1185064935064935,1920,0.07474504023583778,S-learner
5,0.06059028,0.16589147286821707,0.08571428571428572,1920,0.08017718715393135,S-learner
6,0.054259982,0.1642363775901765,0.1053484602917342,1920,0.05888791729844231,S-learner
7,0.048489016,0.13022888713496447,0.10107197549770292,1920,0.029156911637261557,S-learner
8,0.042966705,0.1429693637077769,0.11128284389489954,1920,0.03168651981287737,S-learner
9,0.035719063,0.121875,0.0765625,1920,0.04531249999999999,S-learner
10,0.02615181,0.10600155884645363,0.059654631083202514,1920,0.04634692776325111,S-learner
1,0.12037497,0.22529644268774704,0.13893129770992366,1920,0.08636514497782338,T-learner
2,0.09241855,0.17254601226993865,0.11363636363636363,1920,0.05890964863357502,T-learner
3,0.079279214,0.174780526735834,0.10794602698650675,1920,0.06683449974932724,T-learner
4,0.07029639,0.1781789638932496,0.13003095975232198,1920,0.048148004140927625,T-learner
5,0.06218655,0.15172955974842767,0.08641975308641975,1920,0.06530980666200792,T-learner
6,0.05439061,0.17494089834515367,0.09062980030721966,1920,0.084311098037934,T-learner
7,0.046221316,0.15444015444015444,0.1184,1920,0.03604015444015443,T-learner
8,0.037767213,0.14186046511627906,0.0746031746031746,1920,0.06725729051310446,T-learner
9,0.028591437,0.1387373343725643,0.08163265306122448,1920,0.05710468131133982,T-learner
10,0.007978228,0.15950920245398773,0.1185064935064935,1920,0.04100270894749422,T-learner
1,0.13441065,0.22416534181240064,0.12235649546827794,1920,0.1018088463441227,Transformed outcome
2,0.098468564,0.19062259800153727,0.14862681744749595,1920,0.04199578055404132,Transformed outcome
3,0.0831273,0.17115689381933438,0.11854103343465046,1920,0.052615860384683924,Transformed outcome
4,0.07240393,0.1823949246629659,0.11532625189681335,1920,0.06706867276615254,Transformed outcome
5,0.06325706,0.16167192429022081,0.1058282208588957,1920,0.05584370343132511,Transformed outcome
6,0.05464654,0.15252918287937745,0.09448818897637795,1920,0.058040993902999494,Transformed outcome
7,0.04600928,0.1510015408320493,0.09163987138263666,1920,0.05936166944941265,Transformed outcome
8,0.036144454,0.13668499607227022,0.08500772797527048,1920,0.05167726809699974,Transformed outcome
9,0.024028778,0.14429012345679013,0.08974358974358974,1920,0.05454653371320038,Transformed outcome
10,-0.0058875703,0.15761285386381024,0.08809135399673736,1920,0.06952149986707289,Transformed outcome
