model,fraction_targeted,incremental_outcomes
S-learner,0.0,0.0
S-learner,0.005,4.0
S-learner,0.01,17.0
S-learner,0.015,33.18181818181819
S-learner,0.02,46.02816901408451
S-learner,0.025,59.33898305084746
S-learner,0.03,72.89320388349515
S-learner,0.035,78.94117647058823
S-learner,0.04,85.26717557251908
S-learner,0.045,93.7448275862069
S-learner,0.05,104.56880733944953
S-learner,0.055,114.56353591160222
S-learner,0.06,119.27638190954774
S-learner,0.065,130.9090909090909
S-learner,0.07,131.46268656716418
S-learner,0.075,129.4
S-learner,0.08,126.29411764705881
S-learner,0.085,133.9402460456942
S-learner,0.09,139.96026490066225
S-learner,0.095,146.8369905956113
S-learner,0.1,146.8955223880597
S-learner,0.105,151.54519368723098
S-learner,0.11,154.0879120879121
S-learner,0.115,160.748031496063
S-learner,0.12,153.9246231155779
S-learner,0.125,153.79856115107913
S-learner,0.13,148.7439446366782
S-learner,0.135,147.56
S-learner,0.14,146.99568034557234
S-learner,0.145,156.4900314795383
S-learner,0.15,158.37108190090999
S-learner,0.155,168.94936708860757
S-learner,0.16,181.13610586011345
S-learner,0.165,183.19113573407202
S-learner,0.17,193.56989247311827
S-learner,0.175,197.16666666666669
S-learner,0.18,190.71068124474345
S-learner,0.185,199.45602605863195
S-learner,0.19,206.76025236593063
S-learner,0.195,210.8412942989214
S-learner,0.2,214.5622641509434
S-learner,0.205,223.8159057437408
S-learner,0.21,228.3745506829619
S-learner,0.215,235.27272727272725
S-learner,0.22,237.49481686247407
S-learner,0.225,242.6125760649087
S-learner,0.23,237.96222664015903
S-learner,0.235,244.95300261096605
S-learner,0.24,256.64367816091954
S-learner,0.245,253.72841051314145
S-learner,0.25,253.390423572744
S-learner,0.255,255.25375826819004
S-learner,0.26,261.1835294117647
S-learner,0.265,277.49740034662045
S-learner,0.27,281.21926345609063
S-learner,0.275,283.20088790233075
S-learner,0.28,285.0508474576271
S-learner,0.285,288.8888888888889
S-learner,0.29,291.76190476190476
S-learner,0.295,298.91279373368144
S-learner,0.3,311.4413121476166
S-learner,0.305,316.07870837537837
S-learner,0.31,323.5394932935917
S-learner,0.315,328.3121641426478
S-learner,0.32,338.2295081967213
S-learner,0.325,337.4616840113529
S-learner,0.33,339.40354147250696
S-learner,0.335,342.8900091659028
S-learner,0.34,344.54586534116584
S-learner,0.345,345.25323805270205
S-learner,0.35,350.1111111111111
S-learner,0.355,358.2845953002611
S-learner,0.36,366.2437768240343
S-learner,0.365,368.8475222363405
S-learner,0.37,374.61589958158993
S-learner,0.375,379.2490706319703
S-learner,0.38,381.5118560915781
S-learner,0.385,382.7399030694669
S-learner,0.39,392.1437699680512
S-learner,0.395,401.92434988179673
S-learner,0.4,407.7323724191664
S-learner,0.405,410.34180138568126
S-learner,0.41,415.61113229126954
S-learner,0.415,421.7742663656885
S-learner,0.42,422.4485842026826
S-learner,0.425,428.91150442477874
S-learner,0.43,430.37518248175184
S-learner,0.435,437.70626349892007
S-learner,0.44,449.8117647058823
S-learner,0.445,460.5506888025433
S-learner,0.45,463.56933286762137
S-learner,0.455,467.0762331838565
S-learner,0.46,466.7249146757679
S-learner,0.465,464.46955345060894
S-learner,0.47,468.58876629889664
S-learner,0.475,469.4503311258278
S-learner,0.48,473.86799868981325
S-learner,0.485,477.03108808290153
S-learner,0.49,489.2046109510086
S-learner,0.495,502.60836501901144
S-learner,0.5,509.90772599311856
S-learner,0.505,512.7272727272727
S-learner,0.51,525.3611026033691
S-learner,0.515,531.2768670309654
S-learner,0.52,537.8380493678507
S-learner,0.525,541.2296650717703
S-learner,0.53,553.5500889152341
S-learner,0.535,557.2202643171806
S-learner,0.54,565.8928987194412
S-learner,0.545,566.9065743944636
S-learner,0.55,570.3287671232877
S-learner,0.555,570.1557562076749
S-learner,0.56,576.0931989924434
S-learner,0.565,577.3671940049958
S-learner,0.57,572.1832460732984
S-learner,0.575,576.7358490566038
S-learner,0.58,580.6890938686923
S-learner,0.585,579.5431034482758
S-learner,0.59,582.6212970376301
S-learner,0.595,587.5324675324675
S-learner,0.6,585.3768686073957
S-learner,0.605,582.7537022603274
S-learner,0.61,584.3476915140573
S-learner,0.615,590.4785276073619
S-learner,0.62,598.8669201520912
S-learner,0.625,602.4789831361692
S-learner,0.63,601.364591147787
S-learner,0.635,593.3802677243431
S-learner,0.64,590.3753074274471
S-learner,0.645,591.5263157894736
S-learner,0.65,595.522243713733
S-learner,0.655,602.3793103448276
S-learner,0.66,617.5187470336972
S-learner,0.665,613.2498235709245
S-learner,0.67,613.7020979020979
S-learner,0.675,615.2996757758222
S-learner,0.68,615.9001380579843
S-learner,0.685,618.1513834895952
S-learner,0.69,618.9496940856561
S-learner,0.695,623.1622718052738
S-learner,0.7,623.4687709872399
S-learner,0.705,622.3416481069041
S-learner,0.71,625.3993370165747
S-learner,0.715,623.6834248079033
S-learner,0.72,625.0165649520488
S-learner,0.725,633.4131140445791
S-learner,0.73,637.1489909832546
S-learner,0.735,636.841432225064
S-learner,0.74,634.8238780694328
S-learner,0.745,639.0852452115344
S-learner,0.75,640.4113712374583
S-learner,0.755,636.4910825383658
S-learner,0.76,637.8004946413851
S-learner,0.765,640.4554577104238
S-learner,0.77,648.0806353084911
S-learner,0.775,647.108774767489
S-learner,0.78,650.1573981128288
S-learner,0.785,653.9549890460069
S-learner,0.79,656.2597505444467
S-learner,0.795,660.5261914139426
S-learner,0.8,663.9198279233476
S-learner,0.805,661.2239502332816
S-learner,0.81,659.3052875337708
S-learner,0.815,662.2700057570523
S-learner,0.82,665.9635843660628
S-learner,0.825,669.2739336492891
S-learner,0.83,669.9659069504614
S-learner,0.835,677.3126169973793
S-learner,0.84,682.6584186046512
S-learner,0.845,685.6343449296817
S-learner,0.85,691.6151297625622
S-learner,0.855,696.9406919275123
S-learner,0.86,703.6090280305789
S-learner,0.865,707.9139648614382
S-learner,0.87,712.2978417266188
S-learner,0.875,714.9672688248972
S-learner,0.88,714.632870864461
S-learner,0.885,719.3140028288544
S-learner,0.89,719.6242733838294
S-learner,0.895,725.3288437991953
S-learner,0.9,721.9979144942649
S-learner,0.905,725.3359253499223
S-learner,0.91,724.0098022355976
S-learner,0.915,722.6881738832792
S-learner,0.92,722.0272433168739
S-learner,0.925,721.012512681772
S-learner,0.93,724.6898233809925
S-learner,0.935,731.7283537095964
S-learner,0.94,736.7743871935968
S-learner,0.945,740.4987551867221
S-learner,0.95,741.5269935611689
S-learner,0.955,744.2410846343469
S-learner,0.96,750.6732689474545
S-learner,0.965,751.715192965315
S-learner,0.97,756.805510534846
S-learner,0.975,760.1359974218499
S-learner,0.98,763.7606919750119
S-learner,0.985,772.6600891152132
S-learner,0.99,776.5688073394494
S-learner,0.995,776.1467211825759
S-learner,1.0,781.1356595212017
T-learner,0.0,0.0
T-learner,0.005,17.0
T-learner,0.01,16.34328358208955
T-learner,0.015,23.92
T-learner,0.02,22.43478260869565
T-learner,0.025,26.48275862068966
T-learner,0.03,27.039024390243895
T-learner,0.035,37.287553648068666
T-learner,0.04,37.90909090909091
T-learner,0.045,36.630508474576274
T-learner,0.05,45.09090909090909
T-learner,0.055,53.88524590163935
T-learner,0.06,62.13965087281795
T-learner,0.065,63.845102505694754
T-learner,0.07,61.4406779661017
T-learner,0.075,68.30177514792899
T-learner,0.08,75.28888888888889
T-learner,0.085,93.09946714031972
T-learner,0.09,100.16053511705687
T-learner,0.095,103.9090909090909
T-learner,0.1,109.25190839694656
T-learner,0.105,116.27826086956523
T-learner,0.11,122.55710306406687
T-learner,0.115,122.56842105263158
T-learner,0.12,129.3148614609572
T-learner,0.125,125.36231884057972
T-learner,0.13,139.55555555555554
T-learner,0.135,139.64285714285714
T-learner,0.14,140.1076426264801
T-learner,0.145,144.75865687303252
T-learner,0.15,148.43326488706364
T-learner,0.155,156.048
T-learner,0.16,162.88046647230323
T-learner,0.165,171.37750238322212
T-learner,0.17,181.0
T-learner,0.175,181.6219621962196
T-learner,0.18,178.11682650392328
T-learner,0.185,181.75382003395583
T-learner,0.19,182.11725846407927
T-learner,0.195,180.8383185125303
T-learner,0.2,184.57985837922894
T-learner,0.205,190.62240982348425
T-learner,0.21,197.39267015706804
T-learner,0.215,199.3615777940102
T-learner,0.22,201.62258756254465
T-learner,0.225,209.62264150943395
T-learner,0.23,209.8665297741273
T-learner,0.235,207.09873248832554
T-learner,0.24,204.0
T-learner,0.245,203.38432122370938
T-learner,0.25,212.9158878504673
T-learner,0.255,209.70347773032336
T-learner,0.26,222.53221957040574
T-learner,0.265,220.14018691588785
T-learner,0.27,219.44799999999998
T-learner,0.275,234.83352080989874
T-learner,0.28,244.5165562913907
T-learner,0.285,255.45098039215685
T-learner,0.29,266.09839572192516
T-learner,0.295,267.2593568792831
T-learner,0.3,269.4922600619195
T-learner,0.305,272.13864906043676
T-learner,0.31,274.96992481203006
T-learner,0.315,276.4435643564356
T-learner,0.32,272.74963609898106
T-learner,0.325,283.07449856733524
T-learner,0.33,279.17591721542806
T-learner,0.335,288.19348837209304
T-learner,0.34,288.36793752870926
T-learner,0.345,293.8979591836735
T-learner,0.35,291.9679715302491
T-learner,0.355,293.06176084099866
T-learner,0.36,301.3151750972762
T-learner,0.365,304.6700767263427
T-learner,0.37,304.9494949494949
T-learner,0.375,305.9006622516556
T-learner,0.38,313.1340964840556
T-learner,0.385,315.48204921339254
T-learner,0.39,326.2734499205087
T-learner,0.395,328.661828167909
T-learner,0.4,330.8328173374613
T-learner,0.405,330.6911595866819
T-learner,0.41,339.179477470655
T-learner,0.415,342.5430067314884
T-learner,0.42,359.6662983425414
T-learner,0.425,360.1851851851852
T-learner,0.43,371.67577282530556
T-learner,0.435,367.524064171123
T-learner,0.44,365.81587301587297
T-learner,0.445,368.731843575419
T-learner,0.45,366.1586206896552
T-learner,0.455,371.64
T-learner,0.46,381.5443466486121
T-learner,0.465,388.1187122736419
T-learner,0.47,394.75240623962827
T-learner,0.475,397.5348837209302
T-learner,0.48,401.1372930866602
T-learner,0.485,399.91661321359845
T-learner,0.49,403.3636363636364
T-learner,0.495,406.61750862880456
T-learner,0.5,414.0792079207921
T-learner,0.505,416.74501992031867
T-learner,0.51,423.82310250982766
T-learner,0.515,429.49490713001796
T-learner,0.52,441.70598695909894
T-learner,0.525,450.6235294117647
T-learner,0.53,457.6013986013986
T-learner,0.535,475.1421965317919
T-learner,0.54,485.42750716332375
T-learner,0.545,490.36518771331055
T-learner,0.55,494.37807290194974
T-learner,0.555,504.36880425651077
T-learner,0.56,507.33333333333337
T-learner,0.565,512.6512396694214
T-learner,0.57,519.2698066975224
T-learner,0.575,526.1502423263328
T-learner,0.58,523.1769722814499
T-learner,0.585,520.5586133897857
T-learner,0.59,523.5836392239119
T-learner,0.595,520.3160083160083
T-learner,0.6,521.3517898532062
T-learner,0.605,521.3742331288344
T-learner,0.61,530.5939163498099
T-learner,0.615,534.5359838953195
T-learner,0.62,528.3333333333334
T-learner,0.625,525.7210682492581
T-learner,0.63,537.0331125827814
T-learner,0.635,536.0887155739703
T-learner,0.64,544.7677793904209
T-learner,0.645,547.7781242504198
T-learner,0.65,544.7890345649582
T-learner,0.655,545.7652916073969
T-learner,0.66,548.757582882671
T-learner,0.665,555.0645765091249
T-learner,0.67,558.0816326530612
T-learner,0.675,562.1049723756906
T-learner,0.68,559.7902305409724
T-learner,0.685,568.0714123781455
T-learner,0.69,569.7271499324629
T-learner,0.695,569.3836351441985
T-learner,0.7,568.4285714285714
T-learner,0.705,576.7315998237109
T-learner,0.71,574.7203853733304
T-learner,0.715,581.0167500543832
T-learner,0.72,581.3319645558678
T-learner,0.725,583.0085984522786
T-learner,0.73,585.3453575240128
T-learner,0.735,594.3324146703412
T-learner,0.74,600.0088346655448
T-learner,0.745,602.3233633131144
T-learner,0.75,609.6431388831222
T-learner,0.755,612.3065015479876
T-learner,0.76,619.2801556420234
T-learner,0.765,622.9682151589243
T-learner,0.77,627.3106382978724
T-learner,0.775,629.6280193236714
T-learner,0.78,635.6112
T-learner,0.785,643.923703556527
T-learner,0.79,652.2008285657921
T-learner,0.795,651.5276362210898
T-learner,0.8,653.4901693595484
T-learner,0.805,655.15479876161
T-learner,0.81,647.4796310530362
T-learner,0.815,652.772770670231
T-learner,0.82,654.5019943019943
T-learner,0.825,662.1570996978851
T-learner,0.83,666.8150929228459
T-learner,0.835,673.80313491323
T-learner,0.84,679.4727272727273
T-learner,0.845,688.7124953925543
T-learner,0.85,699.7351054078827
T-learner,0.855,710.3425031881945
T-learner,0.86,704.9391965255159
T-learner,0.865,702.0576368876082
T-learner,0.87,702.739387426115
T-learner,0.875,708.0924639230359
T-learner,0.88,703.3807753584706
T-learner,0.885,708.7385103011093
T-learner,0.89,716.3086074177747
T-learner,0.895,724.6575008701705
T-learner,0.9,726.4007620367163
T-learner,0.905,732.8792569659443
T-learner,0.91,729.6477233824032
T-learner,0.915,735.2695711368278
T-learner,0.92,734.7647457627118
T-learner,0.925,734.4496712190187
T-learner,0.93,743.7545271629779
T-learner,0.935,746.4953271028037
T-learner,0.94,744.9360358863598
T-learner,0.945,751.0
T-learner,0.95,761.0
T-learner,0.955,760.5571358509073
T-learner,0.96,763.0
T-learner,0.965,758.8780329990295
T-learner,0.97,750.6328502415458
T-learner,0.975,761.0
T-learner,0.98,766.0
T-learner,0.985,771.0965385836773
T-learner,0.99,775.1450924608819
T-learner,0.995,780.8244731047498
T-learner,1.0,781.1356595212017
Transformed outcome,0.0,0.0
Transformed outcome,0.005,6.612903225806452
Transformed outcome,0.01,15.666666666666666
Transformed outcome,0.015,23.39622641509434
Transformed outcome,0.02,39.691729323308266
Transformed outcome,0.025,40.95180722891566
Transformed outcome,0.03,49.3419689119171
Transformed outcome,0.035,69.69090909090909
Transformed outcome,0.04,77.78625954198473
Transformed outcome,0.045,86.72
Transformed outcome,0.05,92.29003021148037
Transformed outcome,0.055,91.98378378378378
Transformed outcome,0.06,93.68316831683168
Transformed outcome,0.065,101.6470588235294
Transformed outcome,0.07,95.88235294117646
Transformed outcome,0.075,93.71428571428571
Transformed outcome,0.08,96.55028462998102
Transformed outcome,0.085,106.97560975609755
Transformed outcome,0.09,110.06055646481178
Transformed outcome,0.095,118.9496062992126
Transformed outcome,0.1,126.72012102874433
Transformed outcome,0.105,138.03873744619798
Transformed outcome,0.11,142.327868852459
Transformed outcome,0.115,138.61904761904762
Transformed outcome,0.12,143.12244897959184
Transformed outcome,0.125,139.2941176470588
Transformed outcome,0.13,144.50467289719626
Transformed outcome,0.135,152.04095563139933
Transformed outcome,0.14,150.47519294377068
Transformed outcome,0.145,144.15778251599147
Transformed outcome,0.15,144.04708290685772
Transformed outcome,0.155,159.5074775672981
Transformed outcome,0.16,164.30232558139534
Transformed outcome,0.165,158.13477851083883
Transformed outcome,0.17,161.73087557603685
Transformed outcome,0.175,172.91479820627802
Transformed outcome,0.18,177.7062937062937
Transformed outcome,0.185,176.47058823529414
Transformed outcome,0.19,182.9452736318408
Transformed outcome,0.195,183.36977491961414
Transformed outcome,0.2,184.40515222482435
Transformed outcome,0.205,184.78304048892284
Transformed outcome,0.21,186.2130177514793
Transformed outcome,0.215,189.40158615717377
Transformed outcome,0.22,190.935119887165
Transformed outcome,0.225,189.3976405274115
Transformed outcome,0.23,191.7971602434077
Transformed outcome,0.235,197.36026490066223
Transformed outcome,0.24,200.7355800388853
Transformed outcome,0.245,207.62839116719243
Transformed outcome,0.25,213.84288354898337
Transformed outcome,0.255,220.3508137432188
Transformed outcome,0.26,215.30029673590502
Transformed outcome,0.265,214.72060535506404
Transformed outcome,0.27,215.74971428571428
Transformed outcome,0.275,219.34811903425043
Transformed outcome,0.28,230.2112211221122
Transformed outcome,0.285,231.95476575121165
Transformed outcome,0.29,239.6102236421725
Transformed outcome,0.295,246.1843897328444
Transformed outcome,0.3,251.37854564208357
Transformed outcome,0.305,244.34146341463418
Transformed outcome,0.31,248.7541229385307
Transformed outcome,0.315,256.84811366976976
Transformed outcome,0.32,267.30958112662495
Transformed outcome,0.325,267.70212765957444
Transformed outcome,0.33,280.4108887854816
Transformed outcome,0.335,279.2212551534585
Transformed outcome,0.34,286.2654627539504
Transformed outcome,0.345,286.74262734584454
Transformed outcome,0.35,296.1362229102167
Transformed outcome,0.355,301.697431432303
Transformed outcome,0.36,308.70860077021825
Transformed outcome,0.365,311.7307530500631
Transformed outcome,0.37,321.2491694352159
Transformed outcome,0.375,322.9434889434889
Transformed outcome,0.38,326.8391269199676
Transformed outcome,0.385,328.0027899561578
Transformed outcome,0.39,331.8368794326241
Transformed outcome,0.395,339.30553390491036
Transformed outcome,0.4,336.34872979214776
Transformed outcome,0.405,333.2929061784897
Transformed outcome,0.41,338.74264150943395
Transformed outcome,0.415,338.17405888930307
Transformed outcome,0.42,348.6292754689224
Transformed outcome,0.425,356.8235722080757
Transformed outcome,0.43,357.5463991400932
Transformed outcome,0.435,364.0
Transformed outcome,0.44,375.1111890564714
Transformed outcome,0.445,380.5644320944773
Transformed outcome,0.45,380.934065934066
Transformed outcome,0.455,389.4709480122324
Transformed outcome,0.46,395.5016789791806
Transformed outcome,0.465,397.0479041916168
Transformed outcome,0.47,400.32015810276675
Transformed outcome,0.475,400.75
Transformed outcome,0.48,394.9955099422707
Transformed outcome,0.485,401.8666666666667
Transformed outcome,0.49,403.42408047783715
Transformed outcome,0.495,402.5074626865671
Transformed outcome,0.5,407.276923076923
Transformed outcome,0.505,414.1901279707496
Transformed outcome,0.51,418.8178528347406
Transformed outcome,0.515,425.02151823072325
Transformed outcome,0.52,429.7758007117437
Transformed outcome,0.525,439.35263003232444
Transformed outcome,0.53,449.6356228172293
Transformed outcome,0.535,454.868436237738
Transformed outcome,0.54,458.53828571428573
Transformed outcome,0.545,463.8194169261251
Transformed outcome,0.55,465.43807919123844
Transformed outcome,0.555,457.87969924812035
Transformed outcome,0.56,449.91823204419893
Transformed outcome,0.565,448.95290251916754
Transformed outcome,0.57,450.54412163996744
Transformed outcome,0.575,451.74663072776275
Transformed outcome,0.58,464.49760000000003
Transformed outcome,0.585,473.15843675732765
Transformed outcome,0.59,481.3720199109248
Transformed outcome,0.595,480.4548286604362
Transformed outcome,0.6,480.8455598455598
Transformed outcome,0.605,483.77618804292285
Transformed outcome,0.61,491.2739726027397
Transformed outcome,0.615,500.10483870967744
Transformed outcome,0.62,494.1213410057543
Transformed outcome,0.625,508.64694181999005
Transformed outcome,0.63,516.602861371485
Transformed outcome,0.635,523.861063464837
Transformed outcome,0.64,525.9235251274581
Transformed outcome,0.645,521.58379551483
Transformed outcome,0.65,527.6876790830945
Transformed outcome,0.655,527.6791557979607
Transformed outcome,0.66,529.9745882352942
Transformed outcome,0.665,526.9985987856141
Transformed outcome,0.67,525.9860917941586
Transformed outcome,0.675,532.2116182572614
Transformed outcome,0.68,530.8291342189648
Transformed outcome,0.685,539.2071785552022
Transformed outcome,0.69,545.8710550045085
Transformed outcome,0.695,549.2702099151406
Transformed outcome,0.7,556.2196583092966
Transformed outcome,0.705,558.491282277643
Transformed outcome,0.71,567.82296231376
Transformed outcome,0.715,572.1400913639329
Transformed outcome,0.72,575.8200258955546
Transformed outcome,0.725,571.5012853470437
Transformed outcome,0.73,579.8085513720484
Transformed outcome,0.735,584.7729386892177
Transformed outcome,0.74,588.1152634893974
Transformed outcome,0.745,585.4405010438413
Transformed outcome,0.75,589.4248704663212
Transformed outcome,0.755,593.0685326198807
Transformed outcome,0.76,587.7881200244949
Transformed outcome,0.765,593.4197730956239
Transformed outcome,0.77,598.4078549848944
Transformed outcome,0.775,604.7087087087086
Transformed outcome,0.78,611.3475670307846
Transformed outcome,0.785,614.9952569169961
Transformed outcome,0.79,612.652916912198
Transformed outcome,0.795,619.5875926648459
Transformed outcome,0.8,622.2409778812573
Transformed outcome,0.805,623.9428129829985
Transformed outcome,0.81,631.2882952142995
Transformed outcome,0.815,630.6125214735637
Transformed outcome,0.82,638.2387096774194
Transformed outcome,0.825,648.8219332956473
Transformed outcome,0.83,652.1646992692524
Transformed outcome,0.835,654.5324384787473
Transformed outcome,0.84,656.2335495829473
Transformed outcome,0.845,655.2388059701493
Transformed outcome,0.85,659.2346041055719
Transformed outcome,0.855,666.5628873496173
Transformed outcome,0.86,670.5332367324761
Transformed outcome,0.865,676.5289032955159
Transformed outcome,0.87,678.5521318523827
Transformed outcome,0.875,679.8806767586821
Transformed outcome,0.88,686.1926345609065
Transformed outcome,0.885,686.1887323943663
Transformed outcome,0.89,688.1932773109243
Transformed outcome,0.895,689.8360598677341
Transformed outcome,0.9,692.1546980446444
Transformed outcome,0.905,694.8587911141726
Transformed outcome,0.91,701.5007704160246
Transformed outcome,0.915,704.7856049004595
Transformed outcome,0.92,703.4241245136186
Transformed outcome,0.925,712.7837655776357
Transformed outcome,0.93,717.7963800904977
Transformed outcome,0.935,720.4744914971657
Transformed outcome,0.94,721.8814937759337
Transformed outcome,0.945,722.9177403369672
Transformed outcome,0.95,729.1413096996553
Transformed outcome,0.955,732.9566639411285
Transformed outcome,0.96,736.3183075671277
Transformed outcome,0.965,740.0464927911873
Transformed outcome,0.97,749.7750362844702
Transformed outcome,0.975,757.5140471985871
Transformed outcome,0.98,760.4597701149426
Transformed outcome,0.985,762.820781696854
Transformed outcome,0.99,771.7340492735314
Transformed outcome,0.995,775.7291011942175
Transformed outcome,1.0,781.1356595212017
Random targeting,0.0,0.0
Random targeting,0.005,0.5161290322580641
Random targeting,0.01,5.421052631578949
Random targeting,0.015,1.5862068965517224
Random targeting,0.02,15.897435897435898
Random targeting,0.025,14.108108108108105
Random targeting,0.03,22.98876404494382
Random targeting,0.035,20.047846889952154
Random targeting,0.04,23.4
Random targeting,0.045,25.556390977443613
Random targeting,0.05,28.33333333333333
Random targeting,0.055,35.67469879518072
Random targeting,0.06,41.00539083557952
Random targeting,0.065,52.524752475247524
Random targeting,0.07,51.75286041189932
Random targeting,0.075,52.763948497854074
Random targeting,0.08,54.706586826347305
Random targeting,0.085,57.27476635514019
Random targeting,0.09,56.028571428571425
Random targeting,0.095,61.82233502538071
Random targeting,0.1,64.63897763578274
Random targeting,0.105,78.57831325301206
Random targeting,0.11,85.22063037249285
Random targeting,0.115,93.76827586206898
Random targeting,0.12,90.18110236220471
Random targeting,0.125,96.39097744360902
Random targeting,0.13,91.31332533013205
Random targeting,0.135,95.63048498845265
Random targeting,0.14,101.54867256637169
Random targeting,0.145,102.59163987138263
Random targeting,0.15,109.90062111801242
Random targeting,0.155,110.64587525150907
Random targeting,0.16,115.93980582524273
Random targeting,0.165,119.67582938388625
Random targeting,0.17,130.6275229357798
Random targeting,0.175,143.27046263345196
Random targeting,0.18,141.89690721649484
Random targeting,0.185,144.89689857502097
Random targeting,0.19,137.01959183673472
Random targeting,0.195,142.36102236421726
Random targeting,0.2,140.97102584181675
Random targeting,0.205,145.6022988505747
Random targeting,0.21,148.2694610778443
Random targeting,0.215,154.62235208181153
Random targeting,0.22,158.9506790564689
Random targeting,0.225,160.92452830188677
Random targeting,0.23,165.93643198906358
Random targeting,0.235,175.66067864271457
Random targeting,0.24,178.96470588235292
Random targeting,0.245,179.35114503816794
Random targeting,0.25,182.0
Random targeting,0.255,183.63378545006168
Random targeting,0.26,184.30922242314648
Random targeting,0.265,184.37991779213155
Random targeting,0.27,179.1243523316062
Random targeting,0.275,176.53130287648054
Random targeting,0.28,185.49418282548476
Random targeting,0.285,192.77656675749319
Random targeting,0.29,201.4244372990354
Random targeting,0.295,203.4928984744871
Random targeting,0.3,207.5289256198347
Random targeting,0.305,213.82783138649063
Random targeting,0.31,219.7927927927928
Random targeting,0.315,222.1624815361891
Random targeting,0.32,222.9628198937711
Random targeting,0.325,228.56707897240722
Random targeting,0.33,228.67568828744749
Random targeting,0.335,227.32338079926507
Random targeting,0.34,237.19201089423512
Random targeting,0.345,233.29032258064518
Random targeting,0.35,239.2685512367491
Random targeting,0.355,234.6530078465562
Random targeting,0.36,243.18604651162786
Random targeting,0.365,253.1019541206457
Random targeting,0.37,254.7917189460477
Random targeting,0.375,255.28782287822878
Random targeting,0.38,256.69818181818187
Random targeting,0.385,259.11589008363205
Random targeting,0.39,261.1748031496063
Random targeting,0.395,267.4347826086956
Random targeting,0.4,273.0632911392405
Random targeting,0.405,276.7358633776091
Random targeting,0.41,284.607424071991
Random targeting,0.415,299.1543599257885
Random targeting,0.42,297.88041085840064
Random targeting,0.425,309.8046309696092
Random targeting,0.43,317.0701503221188
Random targeting,0.435,319.409187279152
Random targeting,0.44,328.36134453781517
Random targeting,0.445,329.0725890079502
Random targeting,0.45,333.71682626538984
Random targeting,0.455,335.44219066937114
Random targeting,0.46,337.6007350484464
Random targeting,0.465,339.5707187810533
Random targeting,0.47,346.1698360655738
Random targeting,0.475,344.9407191448008
Random targeting,0.48,355.2021174205968
Random targeting,0.485,351.02599873176916
Random targeting,0.49,359.3266331658291
Random targeting,0.495,366.20934579439256
Random targeting,0.5,375.1468229487971
Random targeting,0.505,380.7875457875458
Random targeting,0.51,391.374431990306
Random targeting,0.515,400.3222322232223
Random targeting,0.52,403.94599406528187
Random targeting,0.525,403.75257731958766
Random targeting,0.53,409.01630751310427
Random targeting,0.535,414.61591695501727
Random targeting,0.54,418.56153405838586
Random targeting,0.545,412.01362088535757
Random targeting,0.55,413.65598650927484
Random targeting,0.555,420.62113186506826
Random targeting,0.56,423.6194690265487
Random targeting,0.565,426.93823771616803
Random targeting,0.57,429.2125577602609
Random targeting,0.575,432.8713245211761
Random targeting,0.58,440.1883864062082
Random targeting,0.585,444.5732517947355
Random targeting,0.59,448.1943127962086
Random targeting,0.595,437.2892950391645
Random targeting,0.6,447.9184149184149
Random targeting,0.605,455.21785989222474
Random targeting,0.61,458.92600153100284
Random targeting,0.615,460.58639008348086
Random targeting,0.62,464.57992471769137
Random targeting,0.625,465.89380751056956
Random targeting,0.63,469.8461538461538
Random targeting,0.635,479.1438004402054
Random targeting,0.64,491.0503998061546
Random targeting,0.645,502.07507218479304
Random targeting,0.65,507.0824372759856
Random targeting,0.655,515.7362428842505
Random targeting,0.66,517.0666039068016
Random targeting,0.665,519.69950968947
Random targeting,0.67,519.4623955431755
Random targeting,0.675,522.1586715867159
Random targeting,0.68,528.3558702603929
Random targeting,0.685,527.984597961495
Random targeting,0.69,524.0173150438497
Random targeting,0.695,529.9692101740294
Random targeting,0.7,536.8691609475316
Random targeting,0.705,537.848737650933
Random targeting,0.71,537.2907027498909
Random targeting,0.715,536.5780134170093
Random targeting,0.72,544.2158211521926
Random targeting,0.725,556.2170476393933
Random targeting,0.73,557.9509449989382
Random targeting,0.735,564.2776957163959
Random targeting,0.74,570.2680779710753
Random targeting,0.745,579.8507804370447
Random targeting,0.75,586.9333471330988
Random targeting,0.755,590.5817060637205
Random targeting,0.76,590.0147179067867
Random targeting,0.765,595.3923561699532
Random targeting,0.77,603.3290270488494
Random targeting,0.775,608.6571084820534
Random targeting,0.78,610.0277058002791
Random targeting,0.785,616.411578112609
Random targeting,0.79,626.0575029539189
Random targeting,0.795,629.371160242614
Random targeting,0.8,637.002915451895
Random targeting,0.805,639.4364480557167
Random targeting,0.81,647.123076923077
Random targeting,0.815,648.8355011476665
Random targeting,0.82,658.1951312286039
Random targeting,0.825,656.8503401360545
Random targeting,0.83,662.2821670428893
Random targeting,0.835,666.6397306397307
Random targeting,0.84,675.4053248929436
Random targeting,0.845,670.764302906869
Random targeting,0.85,677.7697404748758
Random targeting,0.855,684.4086336199011
Random targeting,0.86,688.4097108565193
Random targeting,0.865,691.7742810634834
Random targeting,0.87,692.5459128555997
Random targeting,0.875,694.9197707736389
Random targeting,0.88,705.6813970064147
Random targeting,0.885,711.4170212765957
Random targeting,0.89,713.8194812069878
Random targeting,0.895,724.9522220270508
Random targeting,0.9,726.2406566538596
Random targeting,0.905,730.9937434827946
Random targeting,0.91,728.1750388399794
Random targeting,0.915,730.7878839883301
Random targeting,0.92,725.0552901023891
Random targeting,0.925,725.3543186831835
Random targeting,0.93,725.332658227848
Random targeting,0.935,730.3046979865771
Random targeting,0.94,738.3217623497997
Random targeting,0.945,738.6590871369294
Random targeting,0.95,745.7155599603568
Random targeting,0.955,741.9911286347954
Random targeting,0.96,747.700228832952
Random targeting,0.965,753.3576072821847
Random targeting,0.97,758.5877887255695
Random targeting,0.975,762.9023136246788
Random targeting,0.98,760.158466453674
Random targeting,0.985,761.1134233518665
Random targeting,0.99,762.794182737907
Random targeting,0.995,767.8008807801195
Random targeting,1.0,781.1356595212017
